node_id,is_fraud,ring_id,ring_type,origin_airport,dest_airport,airline_code,departure_unix,seat_class,base_price_usd,remaining_seats
0,0,-1,0,102,116,4,1693301523,1,124.52,154
1,0,-1,0,111,120,7,1721747727,0,215.61,141
2,0,-1,0,108,110,8,1728156745,2,417.28,115
3,0,-1,0,105,109,5,1738788984,2,322.16,11
4,0,-1,0,104,116,3,1656792000,2,266.62,174
5,0,-1,0,104,115,4,1699779154,0,409.69,7
6,0,-1,0,115,118,8,1691085035,0,449.43,58
7,0,-1,0,104,116,2,1718647821,0,457.28,85
8,0,-1,0,109,118,7,1712976430,0,236.81,126
9,0,-1,0,109,117,4,1739808762,1,369.37,51
10,0,-1,0,116,104,1,1729684258,1,159.4,141
11,0,-1,0,106,116,4,1700560625,0,697.48,102
12,0,-1,0,109,114,4,1735508000,1,358.3,101
13,0,-1,0,112,111,5,1729491261,0,262.13,54
14,0,-1,0,105,119,4,1749266561,0,208.57,153
15,0,-1,0,117,106,3,1693431680,0,357.55,119
16,0,-1,0,114,119,4,1691795874,0,275.47,146
17,0,-1,0,103,102,6,1719677079,0,332.37,83
18,0,-1,0,104,118,6,1699562587,0,267.29,80
19,0,-1,0,113,120,3,1745969258,0,200.61,15
20,0,-1,0,119,107,6,1695741748,3,276.41,47
21,0,-1,0,105,115,4,1723691959,0,278.8,49
22,0,-1,0,103,110,2,1722161639,0,245.41,55
23,0,-1,0,118,109,7,1699276239,0,333.93,129
24,0,-1,0,112,103,6,1712874528,0,368.71,15
25,0,-1,0,110,104,3,1716059904,0,182.29,26
26,0,-1,0,104,116,8,1748968369,0,453.76,104
27,0,-1,0,101,106,8,1691815491,1,502.23,86
28,0,-1,0,106,110,4,1694116807,0,113.75,168
29,0,-1,0,116,106,3,1704500448,0,307.85,93
30,0,-1,0,117,107,8,1704282709,0,142.97,25
31,0,-1,0,114,113,3,1674387325,1,352.53,118
32,0,-1,0,107,103,8,1747515531,0,229.84,41
33,0,-1,0,108,111,7,1696003393,0,526.26,145
34,0,-1,0,113,106,5,1740553218,2,412.83,46
35,0,-1,0,101,111,4,1746937330,2,727.45,178
36,0,-1,0,118,117,8,1661598090,0,368.59,93
37,0,-1,0,114,107,3,1738629591,1,361.99,17
38,0,-1,0,101,119,2,1662275793,2,301.94,134
39,0,-1,0,104,108,6,1737456204,0,211.16,179
40,0,-1,0,115,107,4,1700074118,0,391.03,31
41,0,-1,0,106,105,1,1717765867,0,322.35,166
42,0,-1,0,114,116,4,1669977565,2,522.15,15
43,0,-1,0,117,115,4,1662375380,2,259.28,175
44,0,-1,0,103,106,5,1716286421,3,305.74,172
45,0,-1,0,110,118,5,1705519804,0,192.06,130
46,0,-1,0,115,103,1,1746623191,0,215.59,132
47,0,-1,0,109,116,6,1728476344,0,603.61,51
48,0,-1,0,116,106,4,1673264074,0,194.18,167
49,0,-1,0,117,116,3,1691257156,0,579.36,20
50,0,-1,0,113,120,3,1695389688,0,173.52,179
51,0,-1,0,115,117,8,1660527807,0,274.75,64
52,0,-1,0,103,104,3,1681033467,0,487.2,107
53,0,-1,0,120,104,5,1665361339,0,293.22,127
54,0,-1,0,104,102,7,1655338193,0,548.05,144
55,0,-1,0,117,108,8,1700452623,2,230.26,96
56,0,-1,0,110,101,8,1673674487,0,725.37,170
57,0,-1,0,106,108,1,1687361413,0,189.39,16
58,0,-1,0,103,116,4,1742484186,0,525.17,144
59,0,-1,0,118,105,3,1707936455,0,285.41,140
60,0,-1,0,115,103,5,1682308342,2,91.53,92
61,0,-1,0,115,108,6,1674979870,0,137.23,47
62,0,-1,0,104,109,2,1683823690,0,280.27,66
63,0,-1,0,108,109,6,1673544616,2,442.01,53
64,0,-1,0,117,110,3,1696049705,2,411.37,96
65,0,-1,0,104,117,5,1726628352,0,541.74,113
66,0,-1,0,101,105,6,1700330489,0,593.25,154
67,0,-1,0,113,102,6,1658449321,2,319.43,172
68,0,-1,0,119,104,4,1709368200,1,232.88,167
69,0,-1,0,102,118,6,1709007589,0,386.06,23
70,0,-1,0,111,101,4,1696598515,0,342.41,165
71,0,-1,0,111,116,2,1709959344,2,443.84,141
72,0,-1,0,115,103,4,1715786328,0,248.27,37
73,0,-1,0,115,113,6,1739836654,1,378.1,143
74,0,-1,0,111,107,3,1665761164,0,544.52,99
75,0,-1,0,115,109,2,1722968570,0,218.96,64
76,0,-1,0,113,115,2,1687635947,3,506.94,152
77,0,-1,0,109,119,3,1735053367,0,121.3,86
78,0,-1,0,112,101,5,1651230268,0,148.25,77
79,0,-1,0,120,106,3,1694231412,0,429.27,132
80,0,-1,0,111,115,4,1749703465,2,260.89,140
81,0,-1,0,101,116,6,1749910473,1,353.94,112
82,0,-1,0,102,114,7,1652899950,0,301.93,153
83,0,-1,0,117,115,1,1741063822,1,289.19,0
84,0,-1,0,104,101,7,1710592517,2,157.42,51
85,0,-1,0,105,117,6,1730096385,2,364.63,152
86,0,-1,0,114,117,4,1654015129,0,649.88,98
87,0,-1,0,112,102,4,1665521299,1,211.86,2
88,0,-1,0,106,102,5,1748020478,0,401.98,12
89,0,-1,0,101,112,2,1738414571,1,525.39,66
90,0,-1,0,116,102,4,1748002717,0,409.09,45
91,0,-1,0,113,118,4,1664513025,2,278.27,75
92,0,-1,0,111,120,3,1714923315,2,400.09,83
93,0,-1,0,114,110,8,1697416872,0,341.96,170
94,0,-1,0,102,106,5,1692790321,0,326.06,174
95,0,-1,0,104,108,7,1671762852,0,188.92,165
96,0,-1,0,106,101,4,1697413267,0,204.17,63
97,0,-1,0,111,112,5,1714794848,1,450.15,44
98,0,-1,0,115,107,2,1693141819,0,1210.56,173
99,0,-1,0,110,117,5,1738640288,2,321.05,132
100,0,-1,0,110,106,2,1681445069,2,460.72,156
101,0,-1,0,117,116,1,1678061143,0,283.06,131
102,0,-1,0,106,102,8,1651468284,2,156.41,74
103,0,-1,0,115,108,2,1710084040,0,75.02,90
104,0,-1,0,119,102,4,1727210489,0,416.77,25
105,0,-1,0,116,114,8,1714088863,0,490.49,136
106,0,-1,0,120,110,6,1666590686,2,745.81,172
107,0,-1,0,111,105,7,1749032166,0,666.41,151
108,0,-1,0,107,108,7,1725533017,0,722.24,165
109,0,-1,0,107,103,2,1740710362,0,150.98,34
110,0,-1,0,104,106,8,1708644517,0,222.9,48
111,0,-1,0,105,117,7,1713758870,0,291.0,142
112,0,-1,0,113,115,6,1686660838,0,460.05,167
113,0,-1,0,107,117,5,1726862758,2,316.22,77
114,0,-1,0,118,107,1,1735027429,0,211.79,3
115,0,-1,0,108,120,6,1689150367,0,478.05,31
116,0,-1,0,105,101,8,1719079996,0,160.12,80
117,0,-1,0,101,111,3,1667028173,0,159.59,126
118,0,-1,0,116,113,4,1748476659,2,98.99,137
119,0,-1,0,106,120,7,1696073766,0,896.63,156
120,0,-1,0,116,109,5,1746152294,3,179.26,117
121,0,-1,0,103,106,6,1747035424,0,144.62,134
122,0,-1,0,106,101,7,1746325475,3,372.72,88
123,0,-1,0,120,107,4,1657403049,0,241.34,142
124,0,-1,0,117,111,8,1694447364,0,142.2,148
125,0,-1,0,101,119,1,1743156457,1,412.88,121
126,0,-1,0,101,118,6,1689343658,0,242.99,144
127,0,-1,0,113,102,7,1694375027,0,242.3,0
128,0,-1,0,111,101,4,1719981741,1,196.31,161
129,0,-1,0,108,118,3,1727961057,0,125.41,153
130,0,-1,0,108,109,3,1704966519,0,441.32,159
131,0,-1,0,107,113,6,1692488840,3,359.96,145
132,0,-1,0,115,109,2,1661934317,3,174.97,103
133,0,-1,0,112,114,4,1699580152,0,302.75,164
134,0,-1,0,108,102,1,1685086835,0,213.89,36
135,0,-1,0,119,113,3,1694970996,3,327.41,75
136,0,-1,0,110,111,3,1684670752,0,147.26,161
137,0,-1,0,119,117,5,1748399233,0,378.49,133
138,0,-1,0,101,106,2,1679969563,0,1087.14,58
139,0,-1,0,112,102,7,1708501679,0,451.49,141
140,0,-1,0,119,120,6,1675566256,2,265.68,146
141,0,-1,0,104,109,5,1681944958,1,267.1,18
142,0,-1,0,115,111,4,1663966852,3,218.47,6
143,0,-1,0,101,106,2,1707214174,0,298.7,11
144,0,-1,0,107,116,1,1735198588,0,558.13,20
145,0,-1,0,114,118,2,1680207156,0,456.57,27
146,0,-1,0,106,101,4,1736276456,0,297.27,49
147,0,-1,0,101,110,4,1705115827,2,314.79,140
148,0,-1,0,105,107,2,1741417358,1,685.8,86
149,0,-1,0,107,115,8,1698262989,0,413.19,8
150,0,-1,0,104,120,1,1681901595,2,357.47,24
151,0,-1,0,118,104,1,1665355608,0,545.05,19
152,0,-1,0,112,102,5,1718746804,0,526.06,152
153,0,-1,0,113,111,2,1739670370,2,332.2,139
154,0,-1,0,105,119,4,1746826141,3,582.91,108
155,0,-1,0,117,114,3,1704817286,0,616.98,143
156,0,-1,0,110,109,3,1732327593,0,135.39,14
157,0,-1,0,108,101,2,1715915677,1,784.07,130
158,0,-1,0,107,116,8,1664793995,0,365.55,106
159,0,-1,0,114,113,2,1729436351,3,321.95,91
160,0,-1,0,118,101,8,1707780935,0,374.05,105
161,0,-1,0,118,102,5,1666540487,0,227.45,111
162,0,-1,0,112,109,3,1684350158,2,310.65,119
163,0,-1,0,112,101,2,1734739161,0,216.48,157
164,0,-1,0,104,112,4,1725166297,1,572.49,121
165,0,-1,0,106,116,8,1664978451,0,298.56,75
166,0,-1,0,116,101,5,1692800949,0,385.96,73
167,0,-1,0,108,113,6,1696879782,3,259.66,26
168,0,-1,0,113,104,7,1748353017,0,114.63,164
169,0,-1,0,117,115,8,1714588738,0,606.13,68
170,0,-1,0,113,115,7,1744975095,0,273.17,102
171,0,-1,0,114,118,7,1700288051,0,827.74,17
172,0,-1,0,101,109,8,1748802237,1,315.25,67
173,0,-1,0,112,108,3,1684809058,0,231.91,109
174,0,-1,0,101,113,8,1700427955,0,335.47,84
175,0,-1,0,107,108,2,1683225955,1,125.4,29
176,0,-1,0,101,120,2,1669819722,1,344.46,17
177,0,-1,0,106,107,2,1747564482,0,246.55,33
178,0,-1,0,106,109,1,1650858171,3,340.87,86
179,0,-1,0,113,110,1,1673403162,0,313.65,45
180,0,-1,0,106,118,8,1660522462,3,183.83,177
181,0,-1,0,102,112,2,1744127970,0,94.55,54
182,0,-1,0,116,117,5,1690255770,0,336.73,97
183,0,-1,0,104,109,7,1687499673,1,419.66,105
184,0,-1,0,117,108,4,1661099412,1,730.8,136
185,0,-1,0,119,112,1,1673290904,0,342.05,161
186,0,-1,0,104,117,2,1715069510,0,241.99,74
187,0,-1,0,115,117,7,1707430734,0,430.4,157
188,0,-1,0,105,114,2,1679614289,2,350.59,29
189,0,-1,0,116,101,5,1678222088,0,406.22,88
190,0,-1,0,109,116,2,1685971786,3,591.5,22
191,0,-1,0,120,116,2,1687259688,0,316.1,99
192,0,-1,0,101,117,1,1665707290,0,422.16,165
193,0,-1,0,102,110,4,1702863129,0,76.3,95
194,0,-1,0,103,117,6,1687087666,0,419.37,84
195,0,-1,0,113,107,1,1743180374,1,1013.8,61
196,0,-1,0,102,116,7,1732733004,2,200.1,38
197,0,-1,0,106,113,1,1705263802,0,227.9,178
198,0,-1,0,108,110,2,1693405886,0,369.28,27
199,0,-1,0,103,119,3,1691393705,0,268.76,130
200,0,-1,0,112,113,4,1711391914,0,370.46,171
201,0,-1,0,102,114,7,1708366183,0,389.76,7
202,0,-1,0,120,115,8,1695286758,1,510.44,95
203,0,-1,0,107,119,3,1723472240,0,394.0,132
204,0,-1,0,103,115,5,1722510421,0,320.65,163
205,0,-1,0,108,107,4,1696436788,0,391.55,79
206,0,-1,0,114,107,6,1723306601,0,178.14,119
207,0,-1,0,104,116,7,1743973193,0,198.24,154
208,0,-1,0,104,103,3,1726589238,0,391.48,24
209,0,-1,0,118,119,2,1746058003,1,275.28,97
210,0,-1,0,112,113,3,1680771287,0,598.14,112
211,0,-1,0,108,110,6,1704447501,0,330.07,4
212,0,-1,0,113,119,4,1667646161,2,204.92,168
213,0,-1,0,117,111,4,1694277016,0,214.95,113
214,0,-1,0,108,119,8,1681604405,3,177.53,151
215,0,-1,0,116,119,7,1660524421,0,689.53,86
216,0,-1,0,112,113,3,1680538169,0,305.87,46
217,0,-1,0,106,105,7,1679070439,0,320.5,154
218,0,-1,0,107,101,7,1663430242,0,299.33,151
219,0,-1,0,103,112,4,1749860951,0,369.96,4
220,0,-1,0,109,120,8,1743290078,3,373.11,168
221,0,-1,0,103,112,2,1677063215,2,269.3,81
222,0,-1,0,103,115,5,1667635637,0,245.17,43
223,0,-1,0,110,106,7,1715268673,3,609.81,19
224,0,-1,0,102,114,1,1747666407,0,581.17,32
225,0,-1,0,105,109,3,1717226443,0,468.89,122
226,0,-1,0,116,119,8,1691666599,0,694.85,128
227,0,-1,0,104,116,2,1739303101,0,343.61,164
228,0,-1,0,107,102,3,1703384001,0,413.71,40
229,0,-1,0,102,101,7,1727462388,0,288.57,134
230,0,-1,0,107,116,1,1664686373,2,211.22,99
231,0,-1,0,111,110,1,1659275607,0,629.06,105
232,0,-1,0,105,107,2,1700417860,1,780.08,55
233,0,-1,0,109,107,6,1670837934,1,466.4,136
234,0,-1,0,107,102,2,1667534651,2,362.14,125
235,0,-1,0,118,119,8,1715353982,0,349.08,33
236,0,-1,0,117,120,8,1737285895,0,182.45,85
237,0,-1,0,119,113,3,1723472513,0,214.77,69
238,0,-1,0,116,108,4,1652657776,0,185.94,66
239,0,-1,0,113,110,3,1691865608,1,148.4,62
240,0,-1,0,104,111,7,1677069676,0,170.67,81
241,0,-1,0,111,113,7,1656607921,0,165.97,107
242,0,-1,0,117,116,7,1667196035,2,710.44,149
243,0,-1,0,110,117,4,1655948669,0,880.28,83
244,0,-1,0,104,107,1,1671409228,0,170.5,18
245,0,-1,0,111,109,1,1663469202,2,235.78,61
246,0,-1,0,105,107,5,1685736962,0,514.59,75
247,0,-1,0,104,117,1,1742966662,0,165.84,9
248,0,-1,0,103,110,4,1662196896,2,323.04,18
249,0,-1,0,116,114,2,1749667721,0,429.22,11
250,0,-1,0,107,110,1,1707686095,2,250.94,144
251,0,-1,0,107,119,5,1699367207,3,344.9,144
252,0,-1,0,108,116,4,1662805261,0,449.93,176
253,0,-1,0,102,116,1,1708933116,0,253.28,79
254,0,-1,0,109,117,4,1742676939,2,303.15,139
255,0,-1,0,106,107,8,1688369305,1,229.82,83
256,0,-1,0,108,107,3,1657052036,0,259.53,68
257,0,-1,0,110,115,4,1736325861,0,322.22,38
258,0,-1,0,111,106,7,1747065904,0,444.42,166
259,0,-1,0,119,102,8,1734718441,2,241.82,70
260,0,-1,0,119,101,1,1743569427,0,296.19,122
261,0,-1,0,115,107,7,1673948346,0,340.44,89
262,0,-1,0,111,116,3,1738058621,0,498.75,158
263,0,-1,0,102,106,2,1693473194,0,375.71,139
264,0,-1,0,120,105,8,1729187495,0,203.84,154
265,0,-1,0,119,118,3,1661728715,2,481.51,18
266,0,-1,0,105,112,8,1722941692,0,82.35,109
267,0,-1,0,109,103,1,1738120858,2,404.23,143
268,0,-1,0,114,107,7,1656606168,0,157.19,4
269,0,-1,0,109,114,2,1712663862,0,151.19,120
270,0,-1,0,103,101,4,1746105149,0,310.47,94
271,0,-1,0,104,111,3,1668572970,2,378.06,17
272,0,-1,0,117,105,8,1674516749,1,1280.97,14
273,0,-1,0,113,117,4,1663374484,0,253.82,77
274,0,-1,0,120,108,8,1716071118,1,522.16,7
275,0,-1,0,119,110,1,1681095923,2,393.99,168
276,0,-1,0,101,117,2,1722216900,2,269.03,96
277,0,-1,0,114,108,4,1748917559,3,508.26,11
278,0,-1,0,116,104,3,1669793614,0,615.74,173
279,0,-1,0,103,115,7,1662695456,2,148.02,175
280,0,-1,0,112,103,7,1680020132,0,382.07,98
281,0,-1,0,120,105,6,1726422309,0,304.2,86
282,0,-1,0,108,106,4,1661407843,0,390.8,16
283,0,-1,0,109,114,8,1733516088,0,416.18,110
284,0,-1,0,105,117,8,1731825996,0,440.44,39
285,0,-1,0,120,117,2,1706300122,0,258.31,8
286,0,-1,0,104,103,5,1686434758,0,328.85,164
287,0,-1,0,116,105,7,1736301629,2,620.46,111
288,0,-1,0,107,103,1,1697194116,0,536.77,40
289,0,-1,0,108,117,7,1662365228,0,665.54,97
290,0,-1,0,114,104,6,1666209391,0,458.21,78
291,0,-1,0,118,104,8,1726301870,0,145.8,33
292,0,-1,0,120,111,5,1743674440,3,177.03,78
293,0,-1,0,110,120,4,1747330165,0,678.14,12
294,0,-1,0,114,113,1,1709788304,0,283.36,176
295,0,-1,0,106,110,1,1730108929,0,271.07,147
296,0,-1,0,109,118,6,1669308930,0,806.46,154
297,0,-1,0,109,114,6,1742993278,0,415.65,172
298,0,-1,0,117,112,5,1654563650,0,161.81,132
299,0,-1,0,115,112,2,1688683621,0,106.68,35
300,0,-1,0,105,118,3,1706322770,3,271.69,19
301,0,-1,0,104,106,3,1682806270,2,389.54,95
302,0,-1,0,104,115,2,1725127805,0,389.24,64
303,0,-1,0,106,108,3,1688243373,0,193.28,22
304,0,-1,0,102,103,4,1674024977,1,471.53,140
305,0,-1,0,109,104,7,1677684671,0,389.61,43
306,0,-1,0,110,105,4,1721905600,1,896.73,43
307,0,-1,0,106,104,2,1651443423,0,121.66,78
308,0,-1,0,118,105,7,1655903920,0,282.14,167
309,0,-1,0,101,118,8,1697151279,2,300.61,110
310,0,-1,0,116,110,4,1726021794,0,113.6,14
311,0,-1,0,110,109,4,1695135426,0,184.49,102
312,0,-1,0,119,103,2,1669678096,2,207.45,142
313,0,-1,0,118,113,8,1666032591,0,313.41,56
314,0,-1,0,116,113,8,1693184577,0,435.11,62
315,0,-1,0,104,105,2,1724672052,2,275.14,10
316,0,-1,0,117,102,6,1717094906,0,495.0,34
317,0,-1,0,119,106,8,1726940764,1,186.16,25
318,0,-1,0,108,105,3,1684221908,0,475.73,173
319,0,-1,0,119,109,3,1727561290,1,328.17,139
320,0,-1,0,115,117,2,1717659259,0,109.17,0
321,0,-1,0,101,117,2,1739755888,2,232.4,93
322,0,-1,0,108,103,6,1665623556,0,201.85,66
323,0,-1,0,109,111,4,1736181441,0,229.34,24
324,0,-1,0,104,119,6,1690335440,2,726.97,178
325,0,-1,0,114,102,8,1659778799,0,162.25,31
326,0,-1,0,109,104,2,1678942970,1,296.24,96
327,0,-1,0,113,116,5,1677413439,0,343.54,4
328,0,-1,0,111,118,8,1672468947,2,388.39,46
329,0,-1,0,102,101,7,1693346792,0,363.66,140
330,0,-1,0,118,112,7,1657247976,0,566.19,40
331,0,-1,0,107,111,5,1703767148,0,380.52,136
332,0,-1,0,119,104,6,1747523097,2,298.3,79
333,0,-1,0,115,119,7,1666124188,0,456.78,134
334,0,-1,0,105,119,5,1717238044,0,302.07,90
335,0,-1,0,116,120,8,1729818012,1,272.38,44
336,0,-1,0,105,111,2,1683695281,3,481.01,143
337,0,-1,0,119,116,8,1689227815,0,811.71,63
338,0,-1,0,120,102,1,1709738255,2,380.31,74
339,0,-1,0,110,116,4,1711006126,2,413.65,176
340,0,-1,0,116,105,3,1673539687,1,229.75,109
341,0,-1,0,101,119,2,1741786846,0,610.46,128
342,0,-1,0,102,110,3,1731825036,0,307.75,155
343,0,-1,0,108,119,1,1685983285,0,165.51,134
344,0,-1,0,105,115,8,1679794154,0,261.68,38
345,0,-1,0,116,105,2,1690763379,3,258.09,4
346,0,-1,0,113,103,6,1742801917,0,263.3,95
347,0,-1,0,113,102,2,1651730355,2,105.86,159
348,0,-1,0,112,119,2,1676311155,2,246.7,175
349,0,-1,0,116,107,2,1679096923,0,164.21,38
350,0,-1,0,102,108,8,1658769432,0,206.38,13
351,0,-1,0,112,114,7,1713091200,2,325.25,79
352,0,-1,0,110,119,4,1694739275,0,166.64,12
353,0,-1,0,104,109,7,1676070378,0,691.39,143
354,0,-1,0,114,116,8,1718604986,2,247.52,158
355,0,-1,0,105,115,7,1671662236,1,242.38,20
356,0,-1,0,106,120,2,1678983411,0,776.64,80
357,0,-1,0,112,104,8,1663507979,1,223.9,100
358,0,-1,0,120,113,7,1694683884,0,179.76,179
359,0,-1,0,107,105,7,1724290630,0,282.73,83
360,0,-1,0,111,101,8,1697255598,0,578.1,129
361,0,-1,0,119,118,8,1702865753,0,686.21,21
362,0,-1,0,102,109,6,1698159158,2,465.86,100
363,0,-1,0,109,120,5,1695057646,0,548.81,25
364,0,-1,0,112,102,6,1693194566,1,130.83,127
365,0,-1,0,101,105,8,1665428312,2,264.67,72
366,0,-1,0,104,112,4,1714156132,0,345.91,27
367,0,-1,0,105,120,8,1700020964,1,533.98,64
368,0,-1,0,117,119,6,1678689241,0,359.63,114
369,0,-1,0,112,116,1,1749027808,0,289.91,129
370,0,-1,0,117,109,3,1670386062,0,212.76,40
371,0,-1,0,119,106,2,1748562110,3,294.94,104
372,0,-1,0,120,116,1,1682085007,0,441.13,31
373,0,-1,0,110,112,4,1690832302,1,210.54,76
374,0,-1,0,111,107,4,1668871220,2,171.55,10
375,0,-1,0,105,103,8,1705398112,0,459.75,20
376,0,-1,0,104,106,8,1677503104,0,418.87,166
377,0,-1,0,117,112,1,1734879211,0,164.27,41
378,0,-1,0,114,109,4,1657179714,2,381.82,22
379,0,-1,0,111,101,5,1740390418,0,371.59,161
380,0,-1,0,104,117,2,1722481682,0,193.98,156
381,0,-1,0,112,110,8,1697723290,0,146.49,132
382,0,-1,0,103,101,4,1721140934,0,121.03,97
383,0,-1,0,113,105,6,1727664843,2,433.3,8
384,0,-1,0,118,102,5,1710340595,0,289.11,155
385,0,-1,0,112,105,2,1691393031,0,192.89,102
386,0,-1,0,109,118,5,1742957291,0,450.14,93
387,0,-1,0,111,119,7,1726301929,3,410.65,41
388,0,-1,0,119,104,7,1657815613,2,598.93,168
389,0,-1,0,110,112,6,1707184197,0,158.68,127
390,0,-1,0,102,115,2,1734897842,0,321.32,98
391,0,-1,0,106,119,2,1723312447,0,476.38,67
392,0,-1,0,115,105,5,1702105143,0,736.65,132
393,0,-1,0,108,113,7,1728530508,0,174.63,43
394,0,-1,0,106,103,6,1714400970,0,134.1,177
395,0,-1,0,113,114,3,1681012150,0,339.75,12
396,0,-1,0,103,106,3,1652554685,0,197.89,152
397,0,-1,0,101,109,8,1675141760,0,358.58,117
398,0,-1,0,110,114,2,1677076490,1,420.96,27
399,0,-1,0,106,111,2,1670997781,0,293.56,79
400,0,-1,0,120,106,1,1718539504,0,485.38,110
401,0,-1,0,103,115,1,1695224991,0,359.72,44
402,0,-1,0,117,115,4,1734688623,0,285.73,95
403,0,-1,0,113,111,3,1735428320,0,401.56,75
404,0,-1,0,119,116,1,1747990455,1,401.82,108
405,0,-1,0,115,116,6,1676951988,3,263.49,167
406,0,-1,0,107,109,5,1703616895,0,579.02,26
407,0,-1,0,101,104,4,1660290387,0,175.52,151
408,0,-1,0,120,103,4,1651862126,0,731.51,23
409,0,-1,0,119,106,5,1654585737,0,419.18,16
410,0,-1,0,114,111,8,1747395173,0,169.57,46
411,0,-1,0,109,104,3,1691351675,0,260.07,153
412,0,-1,0,120,118,2,1720677462,0,349.63,54
413,0,-1,0,111,105,6,1696234886,1,382.72,32
414,0,-1,0,108,110,3,1680346494,0,165.74,129
415,0,-1,0,118,102,5,1676582158,2,188.39,38
416,0,-1,0,115,101,4,1705343772,0,396.72,22
417,0,-1,0,106,117,8,1672631119,1,191.24,109
418,0,-1,0,120,114,3,1702675546,0,283.01,29
419,0,-1,0,104,115,5,1684767574,2,299.47,2
420,0,-1,0,105,101,1,1725945686,0,339.76,43
421,0,-1,0,106,104,4,1691820550,0,209.02,69
422,0,-1,0,107,102,1,1679148894,3,487.13,136
423,0,-1,0,101,111,5,1743331022,1,364.14,56
424,0,-1,0,117,114,8,1666983166,1,488.99,78
425,0,-1,0,107,115,8,1699281822,3,375.53,16
426,0,-1,0,102,101,6,1663342278,1,255.69,6
427,0,-1,0,116,113,7,1684802670,0,401.51,17
428,0,-1,0,117,101,4,1696260217,0,290.15,47
429,0,-1,0,118,101,3,1736110689,0,435.97,160
430,0,-1,0,111,115,4,1696772636,0,363.8,46
431,0,-1,0,115,108,5,1705121829,2,346.89,74
432,0,-1,0,120,113,7,1699682092,2,277.06,174
433,0,-1,0,118,111,2,1672673023,0,314.98,147
434,0,-1,0,104,119,1,1685325062,1,233.43,101
435,0,-1,0,112,107,7,1651224881,0,319.98,12
436,0,-1,0,114,102,1,1689983891,2,446.07,168
437,0,-1,0,107,105,5,1683344841,0,254.48,129
438,0,-1,0,114,103,8,1695535212,2,453.37,138
439,0,-1,0,119,118,8,1661401919,2,228.33,61
440,0,-1,0,107,106,6,1695245023,0,179.77,99
441,0,-1,0,120,118,4,1720527240,0,446.53,20
442,0,-1,0,103,113,5,1715545939,0,200.1,159
443,0,-1,0,115,109,4,1663647055,0,902.77,156
444,0,-1,0,110,111,7,1656063074,0,336.43,119
445,0,-1,0,104,108,6,1676189637,0,296.61,44
446,0,-1,0,107,114,8,1727186054,0,446.93,47
447,0,-1,0,119,106,1,1740979757,1,448.28,127
448,0,-1,0,109,120,5,1748671191,0,803.65,79
449,0,-1,0,101,111,6,1652981135,1,157.15,91
450,0,-1,0,112,113,5,1694627433,2,190.6,135
451,0,-1,0,120,101,5,1720897591,2,379.42,38
452,0,-1,0,109,110,2,1739699278,1,208.15,61
453,0,-1,0,102,114,8,1721132928,0,283.59,137
454,0,-1,0,120,104,6,1708675155,0,422.48,109
455,0,-1,0,101,114,6,1711675916,0,591.6,7
456,0,-1,0,120,119,7,1671091247,0,553.85,84
457,0,-1,0,102,107,5,1706018698,0,435.05,77
458,0,-1,0,112,120,1,1689217177,0,419.39,69
459,0,-1,0,106,103,2,1660119197,0,263.03,137
460,0,-1,0,117,101,1,1652657216,0,351.93,72
461,0,-1,0,120,108,2,1662231463,0,122.48,35
462,0,-1,0,112,116,4,1681257978,0,415.42,148
463,0,-1,0,114,102,7,1733246021,0,149.88,66
464,0,-1,0,107,104,1,1701695993,0,591.39,131
465,0,-1,0,101,102,7,1720753963,0,283.42,150
466,0,-1,0,117,102,7,1723498642,0,397.29,42
467,0,-1,0,106,116,4,1652802079,3,376.42,90
468,0,-1,0,111,117,1,1679054931,2,423.29,85
469,0,-1,0,118,114,3,1732746972,0,288.53,75
470,0,-1,0,110,106,3,1719622891,0,100.31,54
471,0,-1,0,101,103,7,1671197990,0,544.48,108
472,0,-1,0,117,119,2,1693671133,0,258.33,27
473,0,-1,0,116,106,8,1676954214,1,503.69,8
474,0,-1,0,112,117,7,1734432541,0,495.65,64
475,0,-1,0,104,120,3,1689636298,0,480.45,34
476,0,-1,0,120,112,7,1719174894,2,182.62,135
477,0,-1,0,104,105,5,1724621594,0,724.63,53
478,0,-1,0,111,114,8,1699940712,0,1171.4,75
479,0,-1,0,103,107,2,1747671387,0,490.02,94
480,0,-1,0,103,115,2,1725113649,0,276.62,137
481,0,-1,0,115,118,1,1655558701,0,316.29,124
482,0,-1,0,102,117,6,1737926434,0,464.99,105
483,0,-1,0,120,104,5,1669054322,0,322.95,119
484,0,-1,0,120,108,2,1650639867,0,211.93,36
485,0,-1,0,112,116,1,1698205048,0,443.35,72
486,0,-1,0,107,114,6,1668924097,1,214.23,115
487,0,-1,0,103,115,3,1734424695,2,252.68,94
488,0,-1,0,102,107,5,1668219255,1,575.35,39
489,0,-1,0,108,112,5,1679588753,0,103.18,60
490,0,-1,0,115,101,5,1676479378,0,347.4,66
491,0,-1,0,104,108,3,1741876585,0,821.41,169
492,0,-1,0,103,118,3,1653708420,0,292.57,146
493,0,-1,0,116,117,1,1742348645,3,379.25,109
494,0,-1,0,104,102,8,1743174208,0,203.2,159
495,0,-1,0,113,105,7,1717852776,0,262.69,89
496,0,-1,0,120,115,7,1721629118,0,432.93,49
497,0,-1,0,119,113,5,1728061223,0,244.13,115
498,0,-1,0,103,117,1,1720210036,2,305.73,41
499,0,-1,0,101,105,5,1749483282,0,639.86,38
500,0,-1,0,116,108,6,1679181239,0,389.11,164
501,0,-1,0,101,119,7,1675499666,0,367.18,113
502,0,-1,0,110,114,1,1653528195,0,368.23,172
503,0,-1,0,108,103,1,1730701026,0,504.71,91
504,0,-1,0,110,107,2,1663782466,0,496.54,94
505,0,-1,0,109,104,3,1743779169,0,997.57,52
506,0,-1,0,103,113,8,1682578049,1,435.52,51
507,0,-1,0,106,105,4,1737291018,0,523.07,5
508,0,-1,0,115,103,5,1717687810,0,244.51,108
509,0,-1,0,102,114,6,1658039177,0,246.35,179
510,0,-1,0,116,113,7,1687014999,0,296.6,98
511,0,-1,0,116,118,1,1663799145,0,134.26,166
512,0,-1,0,107,102,2,1685280178,0,567.46,0
513,0,-1,0,120,104,4,1658716648,1,355.23,72
514,0,-1,0,115,114,1,1731825839,2,146.8,53
515,0,-1,0,108,109,8,1706846595,0,281.39,171
516,0,-1,0,110,120,7,1699058995,0,907.16,5
517,0,-1,0,116,105,6,1655165706,2,265.92,63
518,0,-1,0,110,111,7,1658628200,0,502.59,48
519,0,-1,0,108,118,7,1741390470,2,641.67,162
520,0,-1,0,107,105,8,1740062007,0,411.48,102
521,0,-1,0,120,107,3,1716937690,0,690.01,43
522,0,-1,0,116,118,6,1719895367,0,204.0,93
523,0,-1,0,105,112,7,1687773201,1,316.25,35
524,0,-1,0,112,119,7,1676481550,2,668.53,52
525,0,-1,0,116,118,6,1666989131,3,417.76,152
526,0,-1,0,117,105,6,1656721814,2,381.25,81
527,0,-1,0,108,112,1,1726266688,2,316.11,40
528,0,-1,0,118,108,2,1668319399,2,299.39,88
529,0,-1,0,112,102,5,1688935350,0,244.33,84
530,0,-1,0,108,106,4,1680929191,0,525.94,104
531,0,-1,0,115,117,6,1656594986,2,712.43,61
532,0,-1,0,104,106,5,1716518455,1,687.53,51
533,0,-1,0,114,115,3,1698596669,2,321.23,92
534,0,-1,0,118,102,8,1699601722,0,604.08,157
535,0,-1,0,111,101,4,1743598449,1,443.33,156
536,0,-1,0,101,108,7,1705956622,0,305.45,127
537,0,-1,0,105,106,2,1705842416,3,194.67,115
538,0,-1,0,106,105,2,1652973845,0,326.9,154
539,0,-1,0,120,110,1,1692275689,0,413.6,100
540,0,-1,0,105,108,4,1692840213,1,267.39,30
541,0,-1,0,103,106,4,1701775537,0,237.97,160
542,0,-1,0,112,104,3,1705222367,0,293.01,48
543,0,-1,0,111,102,6,1659328604,0,414.47,103
544,0,-1,0,104,111,7,1736089505,1,157.15,64
545,0,-1,0,115,104,4,1749003405,0,127.12,5
546,0,-1,0,117,111,1,1706724913,1,664.85,158
547,0,-1,0,110,114,6,1706708705,1,214.65,94
548,0,-1,0,112,103,3,1652681317,2,367.03,13
549,0,-1,0,114,102,7,1731640577,0,312.1,178
550,0,-1,0,118,105,1,1671935760,0,307.75,135
551,0,-1,0,120,111,3,1702769724,0,191.9,24
552,0,-1,0,113,102,3,1681425928,1,246.49,38
553,0,-1,0,114,111,8,1695387946,2,175.53,69
554,0,-1,0,115,109,8,1730810814,0,326.09,152
555,0,-1,0,117,108,6,1725318821,3,662.51,138
556,0,-1,0,102,112,5,1710761327,0,549.91,21
557,0,-1,0,111,115,2,1740353080,0,480.53,29
558,0,-1,0,101,108,1,1697617423,0,566.52,100
559,0,-1,0,109,105,8,1725304986,1,510.8,51
560,0,-1,0,117,120,8,1742882401,0,251.89,133
561,0,-1,0,116,117,6,1662936644,0,485.39,39
562,0,-1,0,104,117,6,1685319290,0,266.72,115
563,0,-1,0,110,108,1,1669016644,0,199.25,141
564,0,-1,0,115,105,2,1687059593,0,400.37,105
565,0,-1,0,102,116,4,1712297722,0,263.82,68
566,0,-1,0,108,107,7,1677366575,1,572.6,169
567,0,-1,0,115,104,4,1747999087,0,439.96,74
568,0,-1,0,103,110,4,1733491135,0,202.16,22
569,0,-1,0,119,106,1,1725012413,0,379.62,111
570,0,-1,0,109,105,1,1738081330,0,267.67,39
571,0,-1,0,107,111,1,1662487218,0,487.81,29
572,0,-1,0,107,106,5,1683096705,0,463.12,39
573,0,-1,0,108,103,2,1664654682,3,864.58,116
574,0,-1,0,112,111,6,1658843876,3,536.6,156
575,0,-1,0,120,112,1,1688395181,2,370.68,76
576,0,-1,0,110,119,6,1714877490,3,441.51,73
577,0,-1,0,118,108,5,1720439687,0,242.16,27
578,0,-1,0,103,113,3,1665498517,0,654.74,157
579,0,-1,0,101,106,7,1749939003,0,351.81,21
580,0,-1,0,120,113,2,1708978998,1,223.25,85
581,0,-1,0,107,120,5,1709429442,0,709.57,129
582,0,-1,0,117,119,7,1697179150,0,193.1,164
583,0,-1,0,114,105,2,1748662591,0,252.5,178
584,0,-1,0,114,104,6,1691827731,0,481.16,3
585,0,-1,0,119,113,8,1665357786,1,354.54,84
586,0,-1,0,118,116,2,1683638108,0,315.13,58
587,0,-1,0,105,114,2,1729726219,3,180.33,133
588,0,-1,0,103,112,8,1704294170,0,249.58,28
589,0,-1,0,120,111,3,1696913343,1,337.17,47
590,0,-1,0,118,119,4,1731952797,1,259.18,39
591,0,-1,0,114,113,2,1711360543,0,873.32,129
592,0,-1,0,104,112,6,1674129345,0,230.21,167
593,0,-1,0,104,105,5,1729086513,2,517.64,164
594,0,-1,0,111,118,1,1697288718,1,227.45,153
595,0,-1,0,116,119,5,1732922114,0,83.95,50
596,0,-1,0,102,115,4,1727441783,0,750.94,59
597,0,-1,0,102,116,3,1679293590,2,370.03,80
598,0,-1,0,111,114,8,1720894451,2,184.04,104
599,0,-1,0,109,107,4,1689325013,1,113.97,20
600,0,-1,0,104,111,4,1664128926,0,876.09,0
601,0,-1,0,113,112,4,1728990598,0,335.01,68
602,0,-1,0,105,103,2,1720609858,0,324.98,54
603,0,-1,0,104,112,8,1687971932,2,350.57,80
604,0,-1,0,109,108,2,1747540432,0,310.28,122
605,0,-1,0,116,118,2,1738655791,0,299.52,4
606,0,-1,0,115,113,7,1699553480,0,366.97,151
607,0,-1,0,111,105,2,1709777934,0,745.24,29
608,0,-1,0,107,117,1,1694603171,0,180.36,25
609,0,-1,0,102,114,3,1651625710,3,465.84,97
610,0,-1,0,114,102,1,1740680725,0,123.12,15
611,0,-1,0,116,112,2,1672195225,0,276.82,54
612,0,-1,0,115,117,5,1681627537,0,240.93,134
613,0,-1,0,111,116,4,1737482315,2,118.82,70
614,0,-1,0,103,119,8,1654747349,0,303.32,111
615,0,-1,0,104,105,8,1745320377,0,216.92,127
616,0,-1,0,115,106,1,1707965682,0,570.09,59
617,0,-1,0,119,101,3,1718106602,1,318.62,45
618,0,-1,0,110,101,6,1665145838,1,365.19,28
619,0,-1,0,119,106,2,1741850281,0,673.02,59
620,0,-1,0,102,104,2,1677531838,0,263.59,97
621,0,-1,0,119,114,4,1673399554,0,282.06,162
622,0,-1,0,106,115,7,1734305824,0,285.71,6
623,0,-1,0,101,108,5,1667302392,3,216.45,48
624,0,-1,0,116,109,1,1723508044,1,622.54,53
625,0,-1,0,107,104,2,1709852848,0,557.81,71
626,0,-1,0,110,104,1,1657023337,0,261.02,83
627,0,-1,0,106,116,1,1746436700,0,536.31,13
628,0,-1,0,112,102,2,1659619099,0,823.12,144
629,0,-1,0,112,106,6,1717198453,1,443.93,86
630,0,-1,0,107,113,2,1736700560,0,318.82,6
631,0,-1,0,110,113,7,1675733068,0,219.97,4
632,0,-1,0,120,102,8,1722701090,2,381.32,103
633,0,-1,0,120,106,5,1652685577,0,176.91,38
634,0,-1,0,116,113,3,1705501024,0,372.9,102
635,0,-1,0,118,111,3,1742273909,2,397.36,94
636,0,-1,0,117,118,1,1650361624,0,253.85,176
637,0,-1,0,113,102,2,1720127080,1,885.45,121
638,0,-1,0,103,118,3,1685480191,0,375.25,13
639,0,-1,0,117,107,5,1731187015,1,803.0,33
640,0,-1,0,103,116,8,1717717596,0,308.89,62
641,0,-1,0,104,110,2,1661212316,0,159.41,92
642,0,-1,0,101,104,4,1745410827,0,463.27,129
643,0,-1,0,107,114,8,1706296591,2,208.75,23
644,0,-1,0,103,118,3,1684553699,2,336.86,54
645,0,-1,0,109,103,5,1705301300,0,451.94,121
646,0,-1,0,101,106,1,1660143505,0,438.11,35
647,0,-1,0,120,101,2,1719611635,0,276.26,151
648,0,-1,0,102,107,4,1668877889,1,183.04,58
649,0,-1,0,103,119,3,1709476250,0,551.35,102
650,0,-1,0,114,112,2,1698346865,0,573.78,171
651,0,-1,0,102,113,4,1653360996,0,550.29,28
652,0,-1,0,104,117,1,1663670877,0,549.21,75
653,0,-1,0,109,108,6,1722873286,0,545.07,104
654,0,-1,0,120,101,7,1745670399,0,375.23,89
655,0,-1,0,119,103,3,1694606097,3,172.6,46
656,0,-1,0,107,101,1,1670590244,0,192.94,4
657,0,-1,0,103,119,8,1703080382,0,478.49,98
658,0,-1,0,102,110,6,1736805393,0,376.07,18
659,0,-1,0,107,101,4,1729744661,2,168.19,127
660,0,-1,0,104,117,4,1659247734,0,163.6,152
661,0,-1,0,119,102,3,1719323256,0,751.56,4
662,0,-1,0,108,104,5,1706274155,0,389.65,158
663,0,-1,0,104,107,7,1687412443,0,323.93,28
664,0,-1,0,109,114,7,1663714471,1,302.25,106
665,0,-1,0,117,101,1,1739458811,0,115.01,6
666,0,-1,0,106,108,5,1743493120,1,249.99,86
667,0,-1,0,107,117,3,1677503886,0,564.89,105
668,0,-1,0,114,107,6,1682916780,0,257.91,116
669,0,-1,0,101,118,1,1736799192,0,320.39,153
670,0,-1,0,114,109,1,1715853921,0,528.32,164
671,0,-1,0,106,101,7,1698260524,0,469.66,166
672,0,-1,0,111,114,5,1743883652,0,302.75,170
673,0,-1,0,103,117,6,1674062193,0,236.28,175
674,0,-1,0,117,119,1,1722968707,1,358.8,19
675,0,-1,0,117,102,7,1694029286,2,341.06,94
676,0,-1,0,117,116,5,1686898377,0,128.67,45
677,0,-1,0,115,114,2,1704004037,0,421.57,92
678,0,-1,0,105,112,5,1656404538,0,767.99,141
679,0,-1,0,118,106,3,1677356035,0,360.97,118
680,0,-1,0,107,111,1,1737847215,2,499.11,130
681,0,-1,0,111,104,8,1748460737,0,620.13,27
682,0,-1,0,120,111,4,1682233877,0,106.74,56
683,0,-1,0,116,106,1,1654043193,0,335.29,26
684,0,-1,0,107,101,6,1725654696,0,153.22,6
685,0,-1,0,114,117,6,1650099246,0,451.51,114
686,0,-1,0,115,106,2,1740230320,0,388.56,46
687,0,-1,0,109,110,3,1650671578,0,326.45,16
688,0,-1,0,116,102,4,1680125618,0,139.31,146
689,0,-1,0,111,109,7,1696812503,0,290.0,73
690,0,-1,0,117,116,8,1667304147,0,231.24,167
691,0,-1,0,115,107,7,1740384542,1,761.71,101
692,0,-1,0,116,105,4,1679404019,0,110.21,105
693,0,-1,0,113,111,2,1707147616,1,341.3,146
694,0,-1,0,108,107,7,1740044999,0,331.62,74
695,0,-1,0,112,113,6,1652967427,0,398.47,102
696,0,-1,0,114,112,3,1701909106,1,148.04,172
697,0,-1,0,120,105,8,1739181213,0,429.71,135
698,0,-1,0,102,111,7,1702789554,2,889.92,93
699,0,-1,0,112,108,5,1749134320,0,280.21,77
700,0,-1,0,108,117,4,1698472102,0,149.81,8
701,0,-1,0,101,104,6,1679817347,0,216.36,143
702,0,-1,0,104,116,3,1684141491,0,347.55,159
703,0,-1,0,105,109,3,1697095213,0,926.99,29
704,0,-1,0,103,105,4,1736368203,0,152.53,26
705,0,-1,0,106,110,1,1729910744,0,448.26,92
706,0,-1,0,112,109,5,1721106935,0,257.37,159
707,0,-1,0,104,106,3,1731219055,2,567.19,101
708,0,-1,0,105,116,2,1726194817,0,180.15,160
709,0,-1,0,106,109,5,1688701711,2,323.47,131
710,0,-1,0,104,115,1,1726573910,1,292.43,106
711,0,-1,0,114,108,8,1730071297,0,752.99,134
712,0,-1,0,108,115,4,1656059644,2,164.53,59
713,0,-1,0,101,105,8,1706723135,2,394.8,156
714,0,-1,0,105,109,3,1676445647,0,458.71,23
715,0,-1,0,109,119,1,1700059615,0,208.47,25
716,0,-1,0,120,105,6,1689996682,0,312.29,58
717,0,-1,0,118,113,6,1694086494,0,418.06,65
718,0,-1,0,106,120,5,1674544534,0,219.84,49
719,0,-1,0,114,108,5,1727563033,1,289.11,159
720,0,-1,0,104,103,1,1725373270,0,438.88,173
721,0,-1,0,112,109,1,1706777314,0,525.02,147
722,0,-1,0,110,111,3,1721354559,2,218.51,5
723,0,-1,0,109,102,7,1677839967,0,658.94,63
724,0,-1,0,109,118,3,1744284639,0,505.44,37
725,0,-1,0,115,107,1,1700200166,0,322.95,28
726,0,-1,0,102,111,2,1741418316,2,436.5,163
727,0,-1,0,105,108,4,1683965819,0,320.27,38
728,0,-1,0,103,112,3,1734524198,0,221.44,109
729,0,-1,0,118,116,8,1687326627,0,413.26,57
730,0,-1,0,102,117,6,1650135012,0,135.98,30
731,0,-1,0,102,104,1,1709461659,3,684.77,62
732,0,-1,0,107,108,1,1673730193,0,489.44,108
733,0,-1,0,105,116,4,1678344605,0,261.98,53
734,0,-1,0,101,109,8,1658763526,0,599.32,43
735,0,-1,0,102,111,2,1716078895,1,241.34,59
736,0,-1,0,117,115,7,1668380815,3,338.04,136
737,0,-1,0,117,118,7,1688131046,2,599.02,131
738,0,-1,0,110,112,6,1706640478,2,289.51,92
739,0,-1,0,114,117,7,1735503743,0,759.29,173
740,0,-1,0,102,116,8,1671182592,0,672.87,163
741,0,-1,0,118,104,8,1672011830,1,375.53,45
742,0,-1,0,116,109,2,1696314944,2,294.0,34
743,0,-1,0,102,101,6,1670349162,2,403.92,45
744,0,-1,0,112,105,1,1724440358,0,331.88,92
745,0,-1,0,110,112,3,1698113432,0,429.81,47
746,0,-1,0,104,105,8,1697674297,0,195.66,58
747,0,-1,0,102,116,7,1733359659,0,437.37,92
748,0,-1,0,106,113,8,1687035092,1,180.12,173
749,0,-1,0,116,109,4,1699967424,0,316.46,126
750,0,-1,0,102,120,1,1699139599,2,232.85,150
751,0,-1,0,107,111,8,1669489548,0,211.5,172
752,0,-1,0,114,112,2,1718645633,0,302.09,58
753,0,-1,0,112,102,6,1704409584,1,461.32,116
754,0,-1,0,106,101,1,1677317054,0,485.21,37
755,0,-1,0,101,106,2,1695292366,0,467.88,119
756,0,-1,0,105,116,5,1734055466,0,370.27,24
757,0,-1,0,109,114,4,1749101317,0,469.03,77
758,0,-1,0,116,117,7,1691729038,0,258.78,112
759,0,-1,0,115,111,5,1678607356,0,226.15,48
760,0,-1,0,113,120,4,1692303567,0,143.54,111
761,0,-1,0,120,106,4,1721245592,0,240.83,123
762,0,-1,0,106,109,6,1736216673,1,299.04,115
763,0,-1,0,108,115,6,1673626757,0,482.84,91
764,0,-1,0,119,106,7,1689096061,0,524.45,68
765,0,-1,0,103,116,6,1720624411,0,168.69,145
766,0,-1,0,101,118,1,1684371007,2,209.93,50
767,0,-1,0,101,111,2,1712011262,0,130.82,151
768,0,-1,0,120,104,7,1661987913,3,280.14,37
769,0,-1,0,101,104,2,1651997992,0,716.49,94
770,0,-1,0,118,110,8,1696362575,3,450.36,104
771,0,-1,0,119,102,7,1742893001,0,281.59,151
772,0,-1,0,113,110,6,1702316796,2,88.89,133
773,0,-1,0,101,106,7,1663349583,0,377.58,132
774,0,-1,0,116,120,2,1703034501,0,267.22,17
775,0,-1,0,116,110,5,1704701622,2,284.25,5
776,0,-1,0,110,117,3,1688637393,0,280.19,72
777,0,-1,0,110,119,4,1716046114,0,188.18,155
778,0,-1,0,104,117,3,1742294341,0,675.57,44
779,0,-1,0,111,115,1,1663885138,2,303.45,142
780,0,-1,0,112,105,6,1653602490,0,344.81,80
781,0,-1,0,107,106,4,1699769712,0,220.2,166
782,0,-1,0,117,104,3,1710830075,0,345.77,57
783,0,-1,0,115,104,7,1737574601,0,402.38,60
784,0,-1,0,119,113,7,1721491688,0,140.07,36
785,0,-1,0,119,103,6,1660600249,0,437.65,95
786,0,-1,0,103,120,8,1677384836,0,174.28,76
787,0,-1,0,114,110,2,1693209042,0,172.27,103
788,0,-1,0,103,120,6,1669697982,0,612.71,163
789,0,-1,0,114,102,6,1699348415,1,289.73,107
790,0,-1,0,109,102,2,1673422567,0,194.77,78
791,0,-1,0,103,105,1,1749044217,3,240.27,97
792,0,-1,0,115,109,7,1682357343,0,294.26,120
793,0,-1,0,117,102,6,1683966246,0,196.31,48
794,0,-1,0,107,119,4,1680135390,0,107.94,96
795,0,-1,0,104,116,2,1674213487,0,402.46,110
796,0,-1,0,104,119,1,1692495797,0,332.37,101
797,0,-1,0,116,110,1,1682423661,0,226.38,129
798,0,-1,0,107,108,8,1723255015,2,402.72,143
799,0,-1,0,114,120,4,1714764062,0,692.44,162
800,0,-1,0,113,115,5,1731196124,0,469.43,22
801,0,-1,0,116,117,4,1654171602,0,321.27,147
802,0,-1,0,114,103,8,1725068551,0,269.38,86
803,0,-1,0,106,107,3,1658297741,2,540.03,129
804,0,-1,0,111,104,4,1715471296,2,427.73,149
805,0,-1,0,120,106,4,1692443714,3,195.94,144
806,0,-1,0,104,115,5,1670847568,1,371.41,21
807,0,-1,0,115,114,8,1738223410,0,290.93,32
808,0,-1,0,112,109,2,1659691372,0,276.23,5
809,0,-1,0,112,109,2,1743203766,0,411.56,81
810,0,-1,0,115,106,3,1696795130,2,283.59,97
811,0,-1,0,113,101,1,1717172059,0,292.11,32
812,0,-1,0,117,111,2,1665133404,0,378.67,39
813,0,-1,0,113,103,6,1701292308,0,417.74,162
814,0,-1,0,112,109,3,1681356492,0,465.67,163
815,0,-1,0,101,115,8,1698937136,0,535.81,93
816,0,-1,0,117,116,5,1683960595,0,167.62,138
817,0,-1,0,107,118,3,1702141685,3,453.66,87
818,0,-1,0,118,112,4,1692241950,0,443.03,179
819,0,-1,0,116,110,7,1701634431,1,327.41,163
820,0,-1,0,109,101,5,1664316620,0,325.16,91
821,0,-1,0,102,118,6,1667211777,0,248.86,143
822,0,-1,0,101,116,4,1701157380,0,403.25,85
823,0,-1,0,102,114,4,1657741846,0,272.14,74
824,0,-1,0,109,107,4,1721768141,0,373.33,104
825,0,-1,0,101,102,4,1673063177,0,406.52,37
826,0,-1,0,118,111,4,1666374284,0,295.95,114
827,0,-1,0,109,119,5,1713918285,3,218.7,82
828,0,-1,0,120,106,3,1721423848,0,574.69,142
829,0,-1,0,111,120,6,1717941544,1,327.05,161
830,0,-1,0,114,117,4,1698959835,2,1030.98,165
831,0,-1,0,103,118,1,1744774826,0,136.69,88
832,0,-1,0,119,112,7,1677979578,0,438.11,17
833,0,-1,0,114,117,8,1660236225,0,486.81,152
834,0,-1,0,103,102,1,1724618130,1,436.76,122
835,0,-1,0,111,102,6,1670248534,1,243.62,11
836,0,-1,0,106,109,5,1706755028,0,239.18,60
837,0,-1,0,102,104,3,1718452697,0,316.04,134
838,0,-1,0,110,107,7,1671841133,2,549.27,159
839,0,-1,0,104,120,4,1675578065,3,243.58,84
840,0,-1,0,114,108,6,1656716276,0,307.03,145
841,0,-1,0,117,110,6,1715530684,1,671.84,24
842,0,-1,0,110,120,5,1721800585,0,138.84,56
843,0,-1,0,120,101,5,1730019994,0,234.48,27
844,0,-1,0,104,110,1,1734618152,0,414.89,100
845,0,-1,0,109,111,8,1677900980,3,295.07,78
846,0,-1,0,106,111,8,1718586730,0,424.89,89
847,0,-1,0,116,112,1,1725693633,3,212.44,22
848,0,-1,0,116,115,1,1671160258,0,390.85,169
849,0,-1,0,118,117,5,1720001015,0,162.63,23
850,0,-1,0,116,112,1,1739660691,0,274.84,179
851,0,-1,0,105,112,8,1710474871,0,440.6,35
852,0,-1,0,102,116,5,1730957920,0,145.52,31
853,0,-1,0,112,120,3,1718806173,0,432.81,33
854,0,-1,0,107,119,6,1651221546,0,514.84,32
855,0,-1,0,107,116,1,1652568332,1,309.04,93
856,0,-1,0,117,115,1,1694445636,2,419.35,111
857,0,-1,0,101,118,4,1708954912,0,1695.13,148
858,0,-1,0,113,102,2,1739046336,0,875.74,99
859,0,-1,0,117,108,8,1744157746,2,204.28,18
860,0,-1,0,110,117,7,1717886043,0,369.83,12
861,0,-1,0,116,111,7,1739496484,0,188.56,22
862,0,-1,0,102,105,6,1684340580,1,325.88,170
863,0,-1,0,111,114,7,1705707200,0,288.92,32
864,0,-1,0,102,112,8,1673953604,3,539.44,124
865,0,-1,0,114,110,6,1721028414,0,382.19,43
866,0,-1,0,117,120,6,1709729535,0,236.14,21
867,0,-1,0,109,103,4,1653614260,0,301.25,51
868,0,-1,0,102,104,5,1671034027,1,402.17,30
869,0,-1,0,118,114,1,1745889040,0,204.54,93
870,0,-1,0,110,105,7,1701122706,0,269.03,164
871,0,-1,0,115,116,5,1703799386,1,406.23,36
872,0,-1,0,114,105,3,1704706034,0,342.88,79
873,0,-1,0,107,104,7,1718041119,1,300.64,143
874,0,-1,0,112,106,4,1740527636,2,332.0,107
875,0,-1,0,108,118,2,1699248938,0,100.58,66
876,0,-1,0,105,104,3,1744157826,0,373.52,139
877,0,-1,0,106,101,5,1678767016,0,205.65,54
878,0,-1,0,120,105,5,1675439423,0,350.11,68
879,0,-1,0,105,103,1,1746160667,2,438.87,55
880,0,-1,0,102,108,5,1650565933,2,550.47,102
881,0,-1,0,120,106,3,1695719599,0,335.13,7
882,0,-1,0,113,119,1,1740461794,0,259.2,82
883,0,-1,0,106,112,1,1663090987,3,404.87,151
884,0,-1,0,114,118,5,1673561308,0,158.81,60
885,0,-1,0,106,101,7,1723007421,0,264.03,75
886,0,-1,0,105,120,2,1736503854,0,245.14,27
887,0,-1,0,119,120,2,1659350661,0,308.4,163
888,0,-1,0,102,101,4,1661204969,0,800.91,117
889,0,-1,0,117,113,8,1694830738,0,260.81,82
890,0,-1,0,105,114,7,1711603238,1,233.69,50
891,0,-1,0,115,106,5,1749781569,2,146.28,94
892,0,-1,0,103,115,3,1651624348,0,208.18,64
893,0,-1,0,118,105,7,1694596898,0,198.93,3
894,0,-1,0,110,115,2,1695890128,0,715.9,71
895,0,-1,0,116,108,3,1725185627,0,321.26,106
896,0,-1,0,119,103,1,1672889381,0,226.78,54
897,0,-1,0,112,116,2,1723360351,0,396.84,15
898,0,-1,0,120,118,6,1653046742,1,233.26,100
899,0,-1,0,116,105,5,1717445124,0,300.55,138
900,0,-1,0,117,110,5,1661442076,1,399.01,16
901,0,-1,0,102,108,1,1668740103,3,164.21,5
902,0,-1,0,103,108,3,1720505952,0,198.32,176
903,0,-1,0,106,109,1,1697615695,0,665.26,122
904,0,-1,0,106,107,6,1736156627,1,404.67,138
905,0,-1,0,107,115,8,1749749809,0,247.68,43
906,0,-1,0,102,104,6,1748233481,0,242.62,135
907,0,-1,0,118,112,3,1658626873,0,1111.35,157
908,0,-1,0,109,117,2,1680760987,0,514.61,147
909,0,-1,0,112,102,6,1716270507,2,482.55,142
910,0,-1,0,113,114,7,1657137579,2,370.44,91
911,0,-1,0,104,118,2,1737170592,1,409.04,89
912,0,-1,0,105,108,8,1736906276,0,203.38,78
913,0,-1,0,108,101,5,1683868749,3,372.49,166
914,0,-1,0,107,114,3,1743767192,0,492.0,154
915,0,-1,0,120,103,7,1693080309,1,208.82,54
916,0,-1,0,116,107,3,1708222530,0,227.16,24
917,0,-1,0,111,113,2,1714772215,0,285.87,168
918,0,-1,0,110,103,5,1677735532,0,387.29,152
919,0,-1,0,106,104,3,1665163473,0,293.51,80
920,0,-1,0,114,113,1,1684036377,1,381.86,176
921,0,-1,0,111,105,1,1650092610,0,209.08,62
922,0,-1,0,106,112,6,1741839621,0,378.48,152
923,0,-1,0,109,105,5,1730264594,0,85.88,142
924,0,-1,0,117,109,1,1660736584,0,235.39,52
925,0,-1,0,114,117,4,1695476929,0,395.38,18
926,0,-1,0,108,113,8,1684034446,2,283.34,123
927,0,-1,0,109,103,8,1653491579,0,424.37,122
928,0,-1,0,101,103,4,1663238529,0,412.8,61
929,0,-1,0,115,107,7,1749690942,0,385.94,50
930,0,-1,0,109,120,7,1722859364,0,97.6,76
931,0,-1,0,114,116,4,1689995123,1,355.8,30
932,0,-1,0,110,105,8,1727572581,3,699.8,137
933,0,-1,0,118,107,3,1663388906,0,715.48,90
934,0,-1,0,120,109,1,1684640674,1,482.3,47
935,0,-1,0,112,109,4,1706692918,0,849.99,75
936,0,-1,0,112,102,3,1664861983,0,311.74,134
937,0,-1,0,106,120,7,1657016009,0,266.12,45
938,0,-1,0,105,102,7,1691002971,0,250.78,22
939,0,-1,0,113,107,8,1740930131,1,443.83,33
940,0,-1,0,107,101,3,1713833996,0,828.61,81
941,0,-1,0,108,115,5,1657158730,0,197.03,104
942,0,-1,0,112,108,8,1661080439,0,386.3,5
943,0,-1,0,104,107,7,1742412464,0,244.03,113
944,0,-1,0,109,119,8,1743211344,0,323.39,86
945,0,-1,0,118,117,2,1693840709,0,293.5,15
946,0,-1,0,115,111,5,1720941291,0,355.22,116
947,0,-1,0,120,101,8,1650605811,0,205.93,84
948,0,-1,0,116,102,7,1715549136,0,1164.86,166
949,0,-1,0,118,105,4,1746694713,2,222.85,128
950,0,-1,0,108,115,2,1718455142,0,356.29,135
951,0,-1,0,106,119,5,1681583148,0,206.48,80
952,0,-1,0,110,114,5,1725800176,0,242.09,77
953,0,-1,0,107,101,4,1731477534,1,299.61,131
954,0,-1,0,110,112,4,1707901610,0,227.79,155
955,0,-1,0,110,108,6,1692802818,0,566.55,129
956,0,-1,0,110,120,8,1705238478,1,377.73,85
957,0,-1,0,113,108,8,1691128075,0,220.66,175
958,0,-1,0,108,117,7,1740897300,0,212.42,7
959,0,-1,0,113,120,2,1683221277,2,381.34,72
960,0,-1,0,117,101,7,1665600834,2,276.36,116
961,0,-1,0,114,106,3,1689484089,0,388.55,21
962,0,-1,0,109,113,6,1727542445,0,107.73,13
963,0,-1,0,107,116,7,1658674576,2,496.03,123
964,0,-1,0,113,112,5,1677871018,0,317.61,51
965,0,-1,0,106,119,7,1716221292,0,195.33,71
966,0,-1,0,120,105,8,1713533424,0,161.62,93
967,0,-1,0,114,105,6,1701931390,0,201.65,103
968,0,-1,0,107,113,8,1686346781,0,737.44,136
969,0,-1,0,108,112,6,1735985005,2,156.17,19
970,0,-1,0,117,114,6,1749971485,0,278.59,85
971,0,-1,0,111,109,6,1719199336,0,171.92,177
972,0,-1,0,110,113,6,1729239564,0,215.92,160
973,0,-1,0,104,118,2,1721016694,0,332.27,92
974,0,-1,0,103,105,4,1671671231,0,476.53,7
975,0,-1,0,108,119,7,1682397954,2,504.26,105
976,0,-1,0,103,118,8,1688967118,0,433.26,102
977,0,-1,0,114,117,2,1684135332,0,887.57,57
978,0,-1,0,108,114,5,1725771652,0,272.23,48
979,0,-1,0,105,110,6,1665373527,0,845.93,176
980,0,-1,0,111,113,4,1735834267,0,236.0,113
981,0,-1,0,119,120,5,1730067181,0,263.4,144
982,0,-1,0,113,114,5,1672781115,1,124.75,158
983,0,-1,0,113,119,8,1673668400,2,120.62,14
984,0,-1,0,107,114,2,1720145249,0,153.23,28
985,0,-1,0,120,105,1,1651175607,0,452.73,66
986,0,-1,0,112,113,6,1730923646,0,914.67,12
987,0,-1,0,112,118,4,1655982366,0,239.4,83
988,0,-1,0,119,106,8,1726808129,0,460.88,40
989,0,-1,0,107,105,3,1710258438,0,279.7,113
990,0,-1,0,103,105,1,1684265347,1,168.02,153
991,0,-1,0,112,113,2,1741682060,0,441.07,30
992,0,-1,0,113,111,2,1702033851,1,241.25,119
993,0,-1,0,118,101,4,1715380928,1,732.43,139
994,0,-1,0,109,116,2,1711210720,0,190.36,95
995,0,-1,0,104,115,3,1735687825,0,618.67,91
996,0,-1,0,119,109,8,1687230694,2,334.58,151
997,0,-1,0,113,107,5,1728876858,0,204.17,78
998,0,-1,0,101,110,1,1735024828,0,394.83,153
999,0,-1,0,113,106,2,1686747765,0,321.93,161
1000,0,-1,0,116,119,2,1671860823,0,362.7,27
1001,0,-1,0,105,108,8,1709899642,2,388.17,41
1002,0,-1,0,113,120,2,1739303330,0,785.02,75
1003,0,-1,0,111,117,3,1655628440,0,143.23,98
1004,0,-1,0,110,102,2,1722473683,0,289.39,29
1005,0,-1,0,119,105,5,1748139945,0,394.35,112
1006,0,-1,0,111,105,3,1691298249,0,317.75,61
1007,0,-1,0,112,120,2,1689847355,0,114.15,87
1008,0,-1,0,118,115,2,1691427333,0,375.13,104
1009,0,-1,0,119,117,4,1701783383,0,189.69,141
1010,0,-1,0,116,106,4,1651752149,0,541.6,136
1011,0,-1,0,120,103,5,1651492961,0,437.39,124
1012,0,-1,0,118,119,5,1731880990,0,140.36,53
1013,0,-1,0,117,115,4,1735864355,0,379.11,29
1014,0,-1,0,117,114,2,1692282829,1,249.15,110
1015,0,-1,0,103,102,8,1668011917,1,488.01,108
1016,0,-1,0,108,111,5,1705994969,0,233.15,55
1017,0,-1,0,116,112,1,1714464890,0,408.44,79
1018,0,-1,0,120,110,3,1743006603,0,163.08,31
1019,0,-1,0,107,118,5,1702521706,0,207.06,9
1020,0,-1,0,107,117,5,1653847185,0,570.64,101
1021,0,-1,0,107,105,7,1657777034,0,310.94,161
1022,0,-1,0,106,115,6,1664580773,0,497.85,15
1023,0,-1,0,120,102,1,1692005590,0,471.79,58
1024,0,-1,0,102,107,8,1698580895,0,218.73,169
1025,0,-1,0,113,112,6,1700130747,1,519.0,65
1026,0,-1,0,113,115,6,1720794132,0,355.71,150
1027,0,-1,0,101,117,2,1710341728,0,288.19,0
1028,0,-1,0,109,114,4,1708854927,1,493.19,0
1029,0,-1,0,118,103,1,1722880562,2,114.49,95
1030,0,-1,0,113,115,6,1724339987,1,322.33,22
1031,0,-1,0,103,120,4,1676839486,1,406.55,62
1032,0,-1,0,119,106,2,1733408389,0,240.02,30
1033,0,-1,0,113,101,1,1683386233,0,202.77,167
1034,0,-1,0,118,110,2,1664113634,2,419.85,173
1035,0,-1,0,109,111,4,1710875717,0,565.58,6
1036,0,-1,0,103,110,5,1737384339,0,737.38,17
1037,0,-1,0,116,109,2,1655315936,0,515.44,0
1038,0,-1,0,117,119,8,1670525484,0,293.69,73
1039,0,-1,0,112,113,2,1689566926,0,493.57,19
1040,0,-1,0,106,103,3,1660956397,0,162.18,55
1041,0,-1,0,114,117,5,1691693181,0,419.86,36
1042,0,-1,0,102,110,1,1688932730,2,332.28,46
1043,0,-1,0,112,118,5,1685216912,0,406.16,76
1044,0,-1,0,114,119,5,1690113882,2,78.66,27
1045,0,-1,0,105,101,3,1739222023,2,729.7,156
1046,0,-1,0,110,120,8,1709580134,2,316.82,148
1047,0,-1,0,119,116,5,1742902446,0,238.98,129
1048,0,-1,0,120,115,3,1746947991,0,157.57,177
1049,0,-1,0,103,115,7,1710746739,0,128.42,99
1050,0,-1,0,115,107,4,1704195802,1,315.44,155
1051,0,-1,0,112,119,8,1714457647,0,951.29,43
1052,0,-1,0,112,115,5,1725315136,0,317.37,130
1053,0,-1,0,113,107,8,1708595134,0,370.36,53
1054,0,-1,0,108,109,3,1747287131,0,195.9,62
1055,0,-1,0,103,108,1,1657865275,0,669.35,165
1056,0,-1,0,110,102,6,1735165425,0,295.95,155
1057,0,-1,0,111,103,5,1675303363,0,144.66,165
1058,0,-1,0,116,112,6,1678283662,0,169.36,44
1059,0,-1,0,116,106,6,1722028896,2,432.12,119
1060,0,-1,0,117,107,1,1711432411,0,446.2,156
1061,0,-1,0,108,102,6,1725137820,1,547.52,134
1062,0,-1,0,119,110,7,1703034610,1,282.63,118
1063,0,-1,0,106,119,5,1682772967,0,241.52,75
1064,0,-1,0,113,108,1,1734817235,2,301.03,25
1065,0,-1,0,120,109,4,1688891392,2,559.74,141
1066,0,-1,0,103,112,8,1653021920,0,388.56,93
1067,0,-1,0,106,113,6,1722157924,0,691.71,36
1068,0,-1,0,105,117,8,1728341348,0,157.0,9
1069,0,-1,0,114,115,2,1669076095,0,430.86,38
1070,0,-1,0,109,111,7,1747837022,0,478.34,111
1071,0,-1,0,107,108,3,1682569480,1,443.7,93
1072,0,-1,0,106,113,5,1688420800,0,265.06,70
1073,0,-1,0,111,114,2,1666341657,0,520.16,161
1074,0,-1,0,106,103,6,1683119940,0,525.12,53
1075,0,-1,0,107,109,2,1745994241,0,1111.8,176
1076,0,-1,0,120,108,7,1728544402,0,450.24,23
1077,0,-1,0,113,119,3,1731738953,2,599.31,4
1078,0,-1,0,101,107,7,1681687301,1,471.79,76
1079,0,-1,0,117,110,2,1654606152,0,325.96,169
1080,0,-1,0,117,108,7,1650188949,3,374.91,132
1081,0,-1,0,117,105,3,1723566817,0,333.9,96
1082,0,-1,0,101,112,6,1739463792,2,436.77,31
1083,0,-1,0,120,104,6,1669192270,0,573.2,113
1084,0,-1,0,101,103,7,1723994356,0,581.56,25
1085,0,-1,0,110,116,8,1701838064,0,317.29,116
1086,0,-1,0,102,113,7,1670773073,1,325.41,165
1087,0,-1,0,102,104,5,1707309614,3,298.94,15
1088,0,-1,0,108,101,8,1686615636,2,266.49,139
1089,0,-1,0,120,117,6,1691210483,1,280.91,164
1090,0,-1,0,118,113,7,1682341925,2,331.18,164
1091,0,-1,0,107,119,2,1652352810,0,241.77,114
1092,0,-1,0,113,110,4,1712604887,2,661.21,5
1093,0,-1,0,110,104,7,1728596682,0,236.61,119
1094,0,-1,0,102,111,6,1682711225,0,176.63,111
1095,0,-1,0,110,104,4,1664558269,0,162.18,51
1096,0,-1,0,120,105,4,1717352185,0,450.51,167
1097,0,-1,0,103,106,2,1745456784,2,136.79,85
1098,0,-1,0,116,117,7,1684675249,2,331.12,81
1099,0,-1,0,106,105,4,1686939022,0,191.98,119
1100,0,-1,0,111,101,4,1709989142,0,525.11,9
1101,0,-1,0,119,115,7,1717092136,0,290.22,174
1102,0,-1,0,107,102,5,1667609742,1,323.74,156
1103,0,-1,0,112,106,3,1717036450,0,546.31,46
1104,0,-1,0,113,107,3,1667468400,2,549.72,110
1105,0,-1,0,118,113,6,1669410169,2,388.23,146
1106,0,-1,0,101,114,3,1736272681,0,321.67,19
1107,0,-1,0,119,112,2,1735069063,1,631.42,97
1108,0,-1,0,112,108,8,1721695859,1,197.39,37
1109,0,-1,0,102,111,5,1698952879,0,451.28,110
1110,0,-1,0,116,106,5,1650943572,0,307.96,122
1111,0,-1,0,101,118,2,1707446765,0,397.77,73
1112,0,-1,0,102,106,4,1741041233,0,272.26,12
1113,0,-1,0,102,110,5,1692915178,1,514.58,81
1114,0,-1,0,116,114,8,1715170533,0,670.8,27
1115,0,-1,0,109,102,8,1710559164,0,201.76,49
1116,0,-1,0,106,111,2,1711456394,0,251.57,61
1117,0,-1,0,114,113,1,1655897577,0,474.2,130
1118,0,-1,0,120,104,2,1657112953,0,227.87,92
1119,0,-1,0,105,103,4,1654810852,0,359.8,22
1120,0,-1,0,116,113,1,1687555964,0,634.1,138
1121,0,-1,0,117,112,8,1693460428,0,342.92,23
1122,0,-1,0,109,115,2,1686038186,0,454.93,127
1123,0,-1,0,118,116,2,1663326114,1,414.72,94
1124,0,-1,0,101,106,2,1654521401,1,323.2,37
1125,0,-1,0,118,112,6,1719283447,0,109.4,149
1126,0,-1,0,114,108,5,1672875667,2,446.38,92
1127,0,-1,0,112,119,7,1688470271,2,541.13,66
1128,0,-1,0,117,104,5,1735405687,0,437.14,75
1129,0,-1,0,113,104,7,1660461677,0,422.78,160
1130,0,-1,0,105,111,7,1666513994,0,1146.68,134
1131,0,-1,0,112,119,7,1709144327,2,645.84,9
1132,0,-1,0,116,102,7,1716511536,0,278.16,96
1133,0,-1,0,109,117,1,1712017514,1,404.49,110
1134,0,-1,0,107,120,6,1714063658,0,422.08,18
1135,0,-1,0,120,105,1,1660032931,1,249.1,55
1136,0,-1,0,102,114,8,1730044981,2,359.66,179
1137,0,-1,0,107,109,3,1679872352,0,300.63,24
1138,0,-1,0,113,116,7,1665590128,3,646.19,173
1139,0,-1,0,113,102,2,1688075297,1,296.46,155
1140,0,-1,0,115,107,3,1718006085,0,233.67,168
1141,0,-1,0,119,109,1,1746741331,0,313.06,52
1142,0,-1,0,115,107,2,1658590890,0,363.17,134
1143,0,-1,0,109,110,1,1655316117,0,403.9,61
1144,0,-1,0,115,107,7,1696998993,0,861.85,150
1145,0,-1,0,113,112,7,1724627323,2,328.87,151
1146,0,-1,0,105,120,3,1672344461,0,442.49,120
1147,0,-1,0,111,108,7,1658762291,3,581.02,32
1148,0,-1,0,109,103,5,1674356855,1,337.68,174
1149,0,-1,0,116,120,8,1696302663,2,251.12,60
1150,0,-1,0,104,103,8,1727192213,0,359.38,109
1151,0,-1,0,118,111,5,1689614674,0,545.13,123
1152,0,-1,0,115,120,5,1700876088,1,428.99,138
1153,0,-1,0,108,116,3,1725495213,0,280.32,115
1154,0,-1,0,113,111,4,1702362716,1,505.14,75
1155,0,-1,0,107,104,3,1691005051,1,200.97,86
1156,0,-1,0,103,114,4,1686621708,0,211.02,131
1157,0,-1,0,105,107,5,1729182984,1,459.19,148
1158,0,-1,0,107,120,5,1704946774,0,131.17,159
1159,0,-1,0,118,110,1,1669843933,0,200.84,110
1160,0,-1,0,106,113,2,1696227536,2,221.74,157
1161,0,-1,0,115,105,8,1728533755,3,155.37,18
1162,0,-1,0,120,101,4,1654334227,2,418.31,119
1163,0,-1,0,110,109,8,1675245125,0,356.26,51
1164,0,-1,0,113,114,8,1717302626,0,169.4,84
1165,0,-1,0,103,114,2,1669514422,0,279.2,103
1166,0,-1,0,110,103,1,1666561718,0,582.46,79
1167,0,-1,0,104,101,8,1678101260,0,428.53,89
1168,0,-1,0,115,120,3,1699249984,0,309.54,86
1169,0,-1,0,104,115,8,1658485398,3,213.54,57
1170,0,-1,0,110,111,5,1652754762,1,60.08,25
1171,0,-1,0,116,109,8,1656112940,2,277.63,126
1172,0,-1,0,103,116,7,1696487112,2,355.93,24
1173,0,-1,0,120,112,7,1663368052,3,1175.26,99
1174,0,-1,0,112,111,6,1676414066,0,244.79,158
1175,0,-1,0,115,116,2,1679290273,0,321.19,25
1176,0,-1,0,117,115,3,1706149353,0,656.8,131
1177,0,-1,0,116,113,2,1654593699,3,201.01,153
1178,0,-1,0,112,106,1,1676753269,0,224.12,102
1179,0,-1,0,108,113,8,1733602620,1,577.62,143
1180,0,-1,0,103,108,8,1653727488,0,249.34,96
1181,0,-1,0,111,113,7,1715204848,0,513.73,91
1182,0,-1,0,117,109,5,1693022652,0,411.26,15
1183,0,-1,0,102,109,3,1680886275,0,298.23,177
1184,0,-1,0,104,110,8,1719438301,0,271.62,24
1185,0,-1,0,106,107,5,1679727046,0,302.64,69
1186,0,-1,0,120,110,8,1718037219,1,161.85,39
1187,0,-1,0,104,116,6,1740654263,0,678.26,90
1188,0,-1,0,112,107,6,1717874029,0,324.29,65
1189,0,-1,0,111,120,4,1714614260,1,216.86,19
1190,0,-1,0,109,119,5,1659147845,0,637.54,67
1191,0,-1,0,118,102,7,1700778314,0,261.48,81
1192,0,-1,0,111,104,1,1664413354,1,640.58,89
1193,0,-1,0,116,108,7,1688664393,1,360.96,136
1194,0,-1,0,104,113,1,1721836846,0,239.0,10
1195,0,-1,0,110,115,8,1747897625,2,321.99,115
1196,0,-1,0,117,103,1,1737108585,0,886.65,102
1197,0,-1,0,105,118,4,1686862173,0,897.08,164
1198,0,-1,0,119,108,4,1741233792,0,762.79,148
1199,0,-1,0,120,109,7,1650559943,1,304.58,148
1200,0,-1,0,112,108,3,1676616181,0,214.29,27
1201,0,-1,0,111,102,7,1672524230,0,440.18,168
1202,0,-1,0,103,114,2,1730818480,2,353.85,158
1203,0,-1,0,106,108,8,1690141833,0,1280.84,55
1204,0,-1,0,116,110,1,1678880106,0,516.92,13
1205,0,-1,0,109,101,1,1668298893,2,292.35,126
1206,0,-1,0,114,112,8,1656867798,2,483.99,31
1207,0,-1,0,101,103,6,1658328922,0,460.18,93
1208,0,-1,0,103,110,7,1684862642,1,211.81,9
1209,0,-1,0,103,102,2,1710697173,3,133.74,9
1210,0,-1,0,111,101,4,1663960278,0,487.98,98
1211,0,-1,0,117,106,6,1692962909,3,733.24,0
1212,0,-1,0,101,103,8,1710032146,0,316.56,86
1213,0,-1,0,105,120,5,1691158582,1,298.89,120
1214,0,-1,0,103,111,4,1650041691,0,249.07,23
1215,0,-1,0,104,114,8,1656631281,0,297.88,170
1216,0,-1,0,101,111,1,1678749628,0,259.64,52
1217,0,-1,0,120,106,7,1674690923,3,372.97,156
1218,0,-1,0,120,104,6,1668930635,0,740.05,83
1219,0,-1,0,113,106,6,1715016289,1,508.78,132
1220,0,-1,0,118,117,7,1730470858,1,162.25,168
1221,0,-1,0,117,106,2,1659703036,0,483.8,48
1222,0,-1,0,101,107,2,1718933686,0,155.15,35
1223,0,-1,0,111,106,7,1715238013,0,306.94,1
1224,0,-1,0,114,120,4,1692475769,0,239.4,141
1225,0,-1,0,109,105,5,1720677825,0,678.56,178
1226,0,-1,0,101,109,8,1702781640,2,433.51,123
1227,0,-1,0,104,102,1,1721945860,0,168.65,140
1228,0,-1,0,112,101,2,1663607231,0,252.95,138
1229,0,-1,0,103,101,4,1728821904,0,181.54,173
1230,0,-1,0,119,102,4,1699832382,0,455.89,51
1231,0,-1,0,103,117,4,1689576680,0,254.58,26
1232,0,-1,0,111,117,4,1724998312,0,423.91,162
1233,0,-1,0,106,105,6,1703338800,1,185.58,97
1234,0,-1,0,120,109,8,1671597914,0,381.85,101
1235,0,-1,0,114,110,7,1698554240,0,921.41,84
1236,0,-1,0,109,110,8,1698993559,2,190.45,78
1237,0,-1,0,102,107,5,1692074779,1,817.31,89
1238,0,-1,0,111,120,1,1667726707,0,254.83,25
1239,0,-1,0,111,104,3,1743756232,3,544.15,42
1240,0,-1,0,108,104,2,1670471995,0,789.31,53
1241,0,-1,0,118,112,8,1715088592,0,634.29,128
1242,0,-1,0,105,102,4,1663840279,0,232.62,129
1243,0,-1,0,109,108,2,1657462963,2,259.41,30
1244,0,-1,0,117,101,1,1672129128,0,289.4,12
1245,0,-1,0,101,108,6,1671016516,1,628.29,70
1246,0,-1,0,114,115,7,1688954595,0,158.36,35
1247,0,-1,0,111,116,2,1746855481,0,308.51,90
1248,0,-1,0,114,119,7,1740780205,3,323.28,20
1249,0,-1,0,116,107,8,1714437352,0,117.89,147
1250,0,-1,0,119,104,7,1702148711,0,221.25,151
1251,0,-1,0,102,120,4,1734861549,0,143.96,154
1252,0,-1,0,103,107,1,1745203169,0,240.26,1
1253,0,-1,0,110,102,3,1720648971,0,461.7,177
1254,0,-1,0,120,105,6,1736524034,0,131.16,67
1255,0,-1,0,104,117,6,1707904395,0,225.0,48
1256,0,-1,0,120,110,7,1724627381,0,504.13,101
1257,0,-1,0,110,107,5,1721380921,2,370.4,16
1258,0,-1,0,107,117,4,1678406619,0,506.48,75
1259,0,-1,0,111,114,6,1718880857,1,263.0,18
1260,0,-1,0,108,115,7,1677360651,0,201.76,75
1261,0,-1,0,118,103,7,1697205633,0,355.17,165
1262,0,-1,0,109,110,8,1736920781,0,224.26,42
1263,0,-1,0,104,108,1,1720205506,2,241.59,56
1264,0,-1,0,119,107,7,1678429868,0,285.92,121
1265,0,-1,0,106,117,7,1696282113,1,694.07,65
1266,0,-1,0,113,109,5,1667332679,2,284.59,25
1267,0,-1,0,103,119,4,1670163992,0,332.0,177
1268,0,-1,0,104,107,4,1710112111,1,293.29,83
1269,0,-1,0,103,101,5,1731367837,0,582.84,19
1270,0,-1,0,101,102,2,1669468169,1,618.74,20
1271,0,-1,0,104,110,2,1671183446,0,288.93,94
1272,0,-1,0,109,110,5,1703428588,0,524.94,57
1273,0,-1,0,104,103,5,1719090318,0,249.25,125
1274,0,-1,0,113,109,3,1658014720,0,186.14,41
1275,0,-1,0,103,108,8,1663646162,0,398.11,56
1276,0,-1,0,103,112,5,1709914592,0,311.2,156
1277,0,-1,0,106,118,2,1707501504,0,437.77,112
1278,0,-1,0,116,117,7,1672560920,0,174.1,91
1279,0,-1,0,109,101,3,1726062723,0,251.33,166
1280,0,-1,0,109,110,3,1716729527,1,129.56,17
1281,0,-1,0,114,117,1,1721287172,0,724.35,59
1282,0,-1,0,115,114,1,1705597099,2,942.71,140
1283,0,-1,0,116,117,1,1710720773,3,438.49,103
1284,0,-1,0,101,103,8,1729031450,0,796.68,76
1285,0,-1,0,107,114,1,1696524733,2,538.34,0
1286,0,-1,0,119,115,8,1675454721,1,379.9,48
1287,0,-1,0,108,119,6,1716479509,2,372.33,58
1288,0,-1,0,102,117,6,1694197713,0,146.96,42
1289,0,-1,0,112,114,1,1682698911,0,335.33,165
1290,0,-1,0,104,115,8,1744279076,0,201.81,159
1291,0,-1,0,111,116,1,1664844305,0,331.78,36
1292,0,-1,0,101,103,6,1740557717,0,300.54,117
1293,0,-1,0,120,102,4,1685694509,0,565.56,8
1294,0,-1,0,120,103,3,1677119215,0,254.24,4
1295,0,-1,0,120,106,8,1720463851,0,739.11,91
1296,0,-1,0,110,104,8,1708706541,0,237.38,49
1297,0,-1,0,104,117,2,1742299198,0,320.93,12
1298,0,-1,0,120,117,1,1705950937,1,426.64,52
1299,0,-1,0,108,117,1,1733987428,0,407.78,24
1300,0,-1,0,108,109,6,1664458536,2,860.2,23
1301,0,-1,0,110,109,1,1661812622,2,473.82,167
1302,0,-1,0,114,115,7,1700171591,0,301.69,52
1303,0,-1,0,114,101,8,1714518596,0,238.85,41
1304,0,-1,0,104,112,8,1725761437,3,282.2,63
1305,0,-1,0,116,119,5,1724933198,0,850.11,133
1306,0,-1,0,112,105,1,1746673757,2,365.94,121
1307,0,-1,0,105,115,4,1693480108,2,614.66,161
1308,0,-1,0,109,106,1,1689404619,0,712.82,179
1309,0,-1,0,108,106,7,1723215909,0,488.73,19
1310,0,-1,0,111,105,3,1651010664,1,315.62,76
1311,0,-1,0,104,110,2,1748529592,0,263.28,32
1312,0,-1,0,119,117,1,1676697178,2,389.88,44
1313,0,-1,0,120,101,5,1651253520,2,273.77,93
1314,0,-1,0,108,112,4,1719994618,1,481.98,112
1315,0,-1,0,117,113,2,1729246688,0,1208.06,166
1316,0,-1,0,114,107,1,1688603353,0,199.97,106
1317,0,-1,0,115,104,6,1712823100,0,251.6,53
1318,0,-1,0,101,119,2,1681138274,1,782.07,113
1319,0,-1,0,113,111,3,1702091993,0,224.98,141
1320,0,-1,0,119,111,3,1692422661,0,323.25,58
1321,0,-1,0,103,117,8,1675507676,1,413.9,171
1322,0,-1,0,102,110,8,1734476774,0,482.55,114
1323,0,-1,0,120,110,6,1718305221,0,238.92,179
1324,0,-1,0,113,117,1,1695733833,1,308.32,88
1325,0,-1,0,112,101,5,1672269101,0,406.35,144
1326,0,-1,0,117,108,4,1697548833,0,447.73,34
1327,0,-1,0,117,118,3,1695625114,0,623.62,86
1328,0,-1,0,103,110,5,1705666985,0,724.66,86
1329,0,-1,0,102,119,3,1695848501,0,293.79,78
1330,0,-1,0,111,112,4,1665734453,0,559.49,158
1331,0,-1,0,106,102,1,1712677307,2,80.07,73
1332,0,-1,0,116,111,3,1694945716,0,310.12,70
1333,0,-1,0,102,108,3,1692395837,0,263.33,45
1334,0,-1,0,106,103,1,1707794557,2,263.62,136
1335,0,-1,0,117,105,4,1711242779,0,177.46,175
1336,0,-1,0,116,105,3,1678980616,0,262.66,107
1337,0,-1,0,115,101,1,1685823522,0,421.92,17
1338,0,-1,0,110,115,6,1668648125,0,307.7,3
1339,0,-1,0,119,112,4,1734262669,1,336.59,14
1340,0,-1,0,106,109,2,1746811275,0,243.4,7
1341,0,-1,0,119,114,3,1730565030,2,622.02,115
1342,0,-1,0,117,110,4,1653912223,0,473.39,62
1343,0,-1,0,120,118,5,1702827901,0,241.24,69
1344,0,-1,0,104,108,6,1677816041,0,766.53,68
1345,0,-1,0,106,102,6,1658517140,0,245.9,90
1346,0,-1,0,116,114,7,1684967293,0,401.92,67
1347,0,-1,0,112,113,6,1669840885,1,252.84,99
1348,0,-1,0,103,112,2,1698738809,1,169.35,73
1349,0,-1,0,108,117,8,1677450308,0,480.1,139
1350,0,-1,0,113,109,7,1726030356,0,195.99,30
1351,0,-1,0,102,103,5,1689787277,0,203.83,34
1352,0,-1,0,120,103,8,1686774049,2,191.15,118
1353,0,-1,0,109,101,5,1687145323,0,564.43,100
1354,0,-1,0,113,114,6,1725066965,0,314.58,88
1355,0,-1,0,120,116,4,1741529318,0,312.22,29
1356,0,-1,0,107,120,8,1722637141,3,145.02,126
1357,0,-1,0,107,103,5,1728721100,0,270.72,14
1358,0,-1,0,105,112,8,1684675467,0,165.33,179
1359,0,-1,0,120,109,2,1652492951,0,191.87,60
1360,0,-1,0,105,112,1,1683220964,2,178.4,39
1361,0,-1,0,107,102,5,1680413492,0,261.68,63
1362,0,-1,0,110,113,5,1702514181,0,170.28,122
1363,0,-1,0,108,103,2,1691946397,0,278.14,90
1364,0,-1,0,114,120,1,1746718650,1,362.18,11
1365,0,-1,0,102,117,8,1723041925,0,374.2,172
1366,0,-1,0,113,116,6,1712234493,0,246.51,136
1367,0,-1,0,105,104,1,1662390034,2,296.84,155
1368,0,-1,0,112,111,4,1686005312,0,279.91,151
1369,0,-1,0,102,107,6,1676705471,2,245.44,134
1370,0,-1,0,108,113,6,1673653451,1,692.37,108
1371,0,-1,0,102,115,8,1742279112,1,283.32,62
1372,0,-1,0,114,112,7,1666472382,0,307.36,142
1373,0,-1,0,107,111,2,1684070641,2,263.24,46
1374,0,-1,0,101,120,2,1722307108,0,272.08,123
1375,0,-1,0,113,101,1,1740554704,0,842.28,157
1376,0,-1,0,106,120,8,1699407462,0,930.33,172
1377,0,-1,0,108,116,7,1722353488,1,224.74,150
1378,0,-1,0,117,120,6,1746707219,0,325.12,77
1379,0,-1,0,101,114,3,1678820838,0,136.86,43
1380,0,-1,0,106,118,3,1667570699,0,273.77,120
1381,0,-1,0,102,119,2,1703784641,0,863.03,145
1382,0,-1,0,111,115,8,1686156992,0,260.19,52
1383,0,-1,0,117,111,6,1732071168,0,263.43,0
1384,0,-1,0,114,113,1,1746557930,0,393.38,179
1385,0,-1,0,107,120,2,1709774608,0,337.68,102
1386,0,-1,0,119,102,1,1675765249,2,309.71,139
1387,0,-1,0,116,104,7,1723494309,0,593.51,93
1388,0,-1,0,115,108,1,1740157432,0,293.45,0
1389,0,-1,0,115,117,7,1731157069,0,332.68,103
1390,0,-1,0,120,111,8,1747654301,0,801.99,134
1391,0,-1,0,105,117,5,1688154165,0,453.12,6
1392,0,-1,0,111,120,5,1747977353,0,611.02,107
1393,0,-1,0,102,105,3,1709970159,0,173.07,177
1394,0,-1,0,117,118,5,1672893377,0,1012.07,95
1395,0,-1,0,104,111,2,1730625847,2,285.84,132
1396,0,-1,0,114,103,2,1690469789,0,160.58,15
1397,0,-1,0,120,119,4,1682742015,0,308.56,58
1398,0,-1,0,120,119,2,1703271300,0,330.47,66
1399,0,-1,0,108,102,7,1739058611,0,273.37,25
1400,0,-1,0,109,104,1,1656972426,0,324.35,49
1401,0,-1,0,103,117,6,1702218157,0,528.84,170
1402,0,-1,0,102,114,2,1711201715,0,180.95,54
1403,0,-1,0,108,110,2,1695225377,0,228.94,178
1404,0,-1,0,117,115,7,1689335267,0,336.84,143
1405,0,-1,0,116,114,6,1671293526,0,465.23,48
1406,0,-1,0,108,110,5,1703614481,1,268.13,150
1407,0,-1,0,101,106,4,1678476528,0,298.84,60
1408,0,-1,0,116,107,3,1732877669,0,294.42,102
1409,0,-1,0,107,101,6,1748092078,0,349.94,102
1410,0,-1,0,118,120,5,1720349164,0,251.17,122
1411,0,-1,0,112,118,4,1694266137,0,249.52,124
1412,0,-1,0,115,108,1,1679174725,2,482.83,171
1413,0,-1,0,119,120,3,1730145257,2,531.44,82
1414,0,-1,0,110,119,6,1743666834,0,450.62,23
1415,0,-1,0,109,114,2,1698823368,1,295.82,41
1416,0,-1,0,109,112,6,1674882858,0,177.53,137
1417,0,-1,0,115,111,3,1684989861,1,184.14,137
1418,0,-1,0,112,104,6,1652910206,0,430.99,179
1419,0,-1,0,115,103,7,1736380773,0,264.14,171
1420,0,-1,0,112,119,4,1667288268,1,478.25,102
1421,0,-1,0,109,102,6,1715821416,0,287.53,35
1422,0,-1,0,111,104,5,1666367163,0,195.96,132
1423,0,-1,0,101,103,1,1738184533,2,230.54,175
1424,0,-1,0,109,106,4,1688512446,0,149.93,124
1425,0,-1,0,101,109,3,1714106845,0,270.29,58
1426,0,-1,0,111,107,3,1719171854,0,421.62,99
1427,0,-1,0,106,120,2,1690337256,1,244.65,159
1428,0,-1,0,108,102,3,1737899876,3,629.83,1
1429,0,-1,0,119,109,5,1654732421,0,765.21,7
1430,0,-1,0,111,120,7,1744177482,0,436.28,118
1431,0,-1,0,117,102,6,1739763448,0,587.05,128
1432,0,-1,0,120,105,2,1665816770,0,439.54,94
1433,0,-1,0,114,103,1,1673692754,0,796.67,57
1434,0,-1,0,107,119,2,1726881912,0,1218.71,35
1435,0,-1,0,112,116,3,1702884930,0,234.1,112
1436,0,-1,0,112,119,3,1696295028,2,527.41,126
1437,0,-1,0,120,114,8,1650776947,1,534.1,35
1438,0,-1,0,112,111,5,1679251923,0,443.49,153
1439,0,-1,0,101,112,4,1689421059,1,555.34,163
1440,0,-1,0,118,115,7,1743066780,0,233.56,98
1441,0,-1,0,103,102,3,1682708700,2,142.25,113
1442,0,-1,0,106,118,8,1684509889,0,171.66,3
1443,0,-1,0,116,105,4,1685655632,0,169.91,118
1444,0,-1,0,115,104,1,1722364455,0,407.17,28
1445,0,-1,0,119,104,7,1743943691,0,541.93,21
1446,0,-1,0,108,104,3,1662984775,0,364.02,149
1447,0,-1,0,112,120,6,1653286765,2,358.88,14
1448,0,-1,0,104,110,6,1661419210,0,271.57,158
1449,0,-1,0,110,116,1,1731157360,0,355.66,141
1450,0,-1,0,105,108,3,1662348184,0,224.67,72
1451,0,-1,0,112,104,7,1652541613,0,503.38,174
1452,0,-1,0,104,101,1,1698421665,2,738.47,70
1453,0,-1,0,107,111,8,1688489533,0,448.4,77
1454,0,-1,0,105,112,8,1693203620,1,367.23,65
1455,0,-1,0,119,118,6,1746836146,0,368.92,87
1456,0,-1,0,111,103,3,1713167429,0,460.15,158
1457,0,-1,0,111,114,3,1723510675,0,317.21,85
1458,0,-1,0,102,101,2,1707377236,0,412.48,171
1459,0,-1,0,117,108,6,1664125947,0,391.14,103
1460,0,-1,0,110,115,6,1739710984,2,242.36,26
1461,0,-1,0,120,102,7,1728353069,2,193.25,89
1462,0,-1,0,106,101,7,1703623553,2,248.32,118
1463,0,-1,0,102,103,8,1745721914,0,477.93,97
1464,0,-1,0,113,107,6,1744499682,0,629.52,41
1465,0,-1,0,116,109,7,1662853675,0,187.9,164
1466,0,-1,0,120,105,2,1671609053,1,151.12,172
1467,0,-1,0,110,118,6,1681941372,3,351.49,168
1468,0,-1,0,108,111,2,1682130545,0,222.84,145
1469,0,-1,0,101,120,6,1707560624,0,522.76,145
1470,0,-1,0,115,106,6,1659515797,0,399.6,67
1471,0,-1,0,109,116,1,1737763479,0,285.76,27
1472,0,-1,0,111,103,2,1678275070,0,188.52,88
1473,0,-1,0,104,114,5,1666152193,0,257.07,167
1474,0,-1,0,116,112,6,1721549299,0,347.6,76
1475,0,-1,0,120,109,4,1685775256,0,196.25,69
1476,0,-1,0,117,115,7,1721394429,0,435.95,132
1477,0,-1,0,113,116,3,1686942428,0,449.43,96
1478,0,-1,0,113,105,3,1691838955,0,159.1,51
1479,0,-1,0,111,120,5,1730700110,0,291.01,97
1480,0,-1,0,110,104,6,1653841693,2,616.79,63
1481,0,-1,0,114,101,1,1668019417,1,713.32,61
1482,0,-1,0,104,120,3,1685347487,0,299.88,80
1483,0,-1,0,101,110,4,1677458400,0,292.21,95
1484,0,-1,0,110,106,1,1705012704,1,244.84,10
1485,0,-1,0,108,116,7,1651954997,0,388.37,33
1486,0,-1,0,118,109,3,1726223026,0,287.16,120
1487,0,-1,0,119,115,6,1700227791,1,259.4,13
1488,0,-1,0,110,112,5,1668822537,0,287.52,114
1489,0,-1,0,114,108,6,1734827554,0,638.75,23
1490,0,-1,0,112,115,3,1717105231,1,341.14,125
1491,0,-1,0,118,101,6,1741091733,0,644.21,65
1492,0,-1,0,108,111,4,1743559357,0,178.58,30
1493,0,-1,0,111,116,7,1721560121,0,130.49,68
1494,0,-1,0,102,115,4,1719446876,0,655.5,8
1495,0,-1,0,111,112,7,1660724488,0,196.93,23
1496,0,-1,0,108,113,6,1675313589,0,249.17,175
1497,0,-1,0,111,109,1,1678374638,0,343.62,20
1498,0,-1,0,111,114,3,1713231948,1,465.65,39
1499,0,-1,0,101,106,3,1711857814,2,229.77,153
