node_id,is_fraud,ring_id,ring_type,hotel_class,review_count,avg_rating,listing_age_days,cancellation_policy,country_code,is_ghost,photo_count,price_percentile
0,0,-1,0,1,600,3.1,360,1,840,0,66,89
1,0,-1,0,5,1875,4.1,279,0,36,0,86,89
2,0,-1,0,1,1307,4.8,3077,0,156,0,78,11
3,0,-1,0,1,1852,4.7,4907,1,840,0,145,11
4,0,-1,0,5,746,3.3,3448,2,826,0,40,82
5,0,-1,0,4,831,3.6,2816,0,156,0,124,90
6,0,-1,0,4,1243,3.7,288,1,250,0,182,84
7,0,-1,0,5,62,4.1,4074,2,36,0,136,34
8,0,-1,0,3,1413,3.6,2073,1,840,0,199,18
9,0,-1,0,5,90,4.0,2611,1,36,0,13,89
10,0,-1,0,4,1561,2.9,2045,0,392,0,180,44
11,0,-1,0,4,137,4.2,3736,1,276,0,62,42
12,0,-1,0,5,1621,3.4,2594,2,156,0,147,86
13,0,-1,0,5,1105,4.4,1667,1,840,0,138,21
14,0,-1,0,5,846,2.9,921,2,826,0,181,87
15,0,-1,0,1,773,3.9,4207,1,250,0,188,81
16,0,-1,0,4,1162,3.0,3574,0,250,0,104,73
17,0,-1,0,5,1114,3.6,2905,0,840,0,147,84
18,0,-1,0,1,667,4.3,3702,2,840,0,58,48
19,0,-1,0,1,699,3.5,1986,2,250,0,141,76
20,0,-1,0,5,460,3.9,4886,0,826,0,50,26
21,0,-1,0,4,419,4.4,3987,0,840,0,93,54
22,0,-1,0,4,856,4.9,4532,1,250,0,187,48
23,0,-1,0,1,1219,4.4,2309,1,276,0,90,61
24,0,-1,0,4,1033,4.9,1343,0,392,0,187,59
25,0,-1,0,3,710,3.9,2393,0,156,0,116,88
26,0,-1,0,2,1824,4.8,1972,2,250,0,137,55
27,0,-1,0,3,1059,2.8,4268,2,392,0,151,50
28,0,-1,0,2,1352,3.6,2091,1,840,0,16,16
29,0,-1,0,3,1030,3.3,2100,1,156,0,66,57
30,0,-1,0,2,649,4.5,1141,0,156,0,119,87
31,0,-1,0,1,104,4.0,2688,2,250,0,16,44
32,0,-1,0,4,1028,3.2,3351,1,250,0,80,37
33,0,-1,0,4,35,4.4,2230,2,276,0,59,29
34,0,-1,0,2,561,2.9,228,1,156,0,167,70
35,0,-1,0,4,924,3.2,2245,1,36,0,58,14
36,0,-1,0,3,810,4.6,4758,1,36,0,32,40
37,0,-1,0,2,1847,3.1,3040,2,250,0,172,45
38,0,-1,0,1,682,3.3,446,2,826,0,85,54
39,0,-1,0,4,22,3.0,2257,0,826,0,113,51
40,0,-1,0,4,926,4.5,3320,2,156,0,159,66
41,0,-1,0,3,27,4.2,2753,0,276,0,118,75
42,0,-1,0,3,1716,3.4,1055,2,250,0,171,84
43,0,-1,0,3,110,3.1,4554,1,840,0,65,38
44,0,-1,0,3,1139,3.5,3703,2,392,0,58,64
45,0,-1,0,2,966,2.8,3210,2,392,0,33,40
46,0,-1,0,2,1955,4.3,2259,0,156,0,27,73
47,0,-1,0,1,1361,4.2,4767,2,276,0,95,26
48,0,-1,0,3,1749,3.2,2680,2,840,0,155,26
49,0,-1,0,2,844,3.3,2574,0,276,0,172,88
50,0,-1,0,3,1392,4.6,3438,1,36,0,55,39
51,0,-1,0,4,61,3.2,2552,2,276,0,173,61
52,0,-1,0,1,1475,3.3,4453,2,840,0,82,17
53,0,-1,0,2,1935,4.5,1056,2,276,0,142,49
54,0,-1,0,1,461,4.2,2653,2,250,0,74,33
55,0,-1,0,5,1944,3.1,249,2,250,0,140,66
56,0,-1,0,4,516,4.0,2770,0,840,0,115,37
57,0,-1,0,4,741,3.8,4866,2,250,0,127,56
58,0,-1,0,5,648,3.3,2890,2,250,0,49,84
59,0,-1,0,4,891,4.5,818,1,156,0,40,88
60,0,-1,0,3,1378,3.0,2118,2,276,0,124,45
61,0,-1,0,2,524,4.3,1377,1,392,0,69,36
62,0,-1,0,5,1754,3.4,3606,0,826,0,123,64
63,0,-1,0,1,25,3.9,1455,2,276,0,96,27
64,0,-1,0,1,1412,3.9,3447,2,156,0,120,83
65,0,-1,0,3,100,4.5,1380,0,156,0,65,29
66,0,-1,0,4,1686,4.4,3787,1,36,0,17,66
67,0,-1,0,1,1796,4.4,2549,2,826,0,68,11
68,0,-1,0,5,384,4.0,3457,2,36,0,16,90
69,0,-1,0,1,1998,3.0,1380,1,826,0,191,20
70,0,-1,0,1,1303,4.4,287,2,826,0,190,20
71,0,-1,0,2,920,3.5,244,2,250,0,26,14
72,0,-1,0,4,732,3.4,1877,0,156,0,144,48
73,0,-1,0,4,175,4.7,2723,1,840,0,142,22
74,0,-1,0,5,779,4.2,2377,1,156,0,24,72
75,0,-1,0,5,1726,3.6,1594,2,250,0,161,86
76,0,-1,0,2,1332,4.8,1834,0,276,0,127,87
77,0,-1,0,5,56,3.6,2594,2,36,0,39,21
78,0,-1,0,4,833,4.6,4610,2,392,0,196,68
79,0,-1,0,5,1089,4.8,349,0,276,0,118,62
80,0,-1,0,4,800,4.5,4717,1,840,0,170,16
81,0,-1,0,1,584,3.7,1006,0,840,0,51,66
82,0,-1,0,4,606,4.0,3936,0,392,0,42,30
83,0,-1,0,4,121,3.3,1597,2,156,0,18,27
84,0,-1,0,1,1253,3.2,3671,1,840,0,140,27
85,0,-1,0,3,1024,3.3,3026,2,36,0,12,43
86,0,-1,0,5,588,4.7,4847,1,250,0,126,32
87,0,-1,0,5,87,4.6,386,2,250,0,81,39
88,0,-1,0,3,527,3.0,1667,2,250,0,36,33
89,0,-1,0,2,577,4.3,3486,1,156,0,37,75
90,0,-1,0,4,1030,4.6,4087,0,276,0,18,41
91,0,-1,0,4,432,3.9,835,2,840,0,57,73
92,0,-1,0,4,1801,4.6,2602,2,276,0,181,41
93,0,-1,0,3,1377,4.7,2051,1,36,0,85,88
94,0,-1,0,4,1541,3.2,4095,2,250,0,189,78
95,0,-1,0,4,964,4.0,4300,2,36,0,60,17
96,0,-1,0,2,1730,2.9,684,1,276,0,35,50
97,0,-1,0,3,414,4.8,1238,2,826,0,17,82
98,0,-1,0,5,570,2.9,4025,2,840,0,143,43
99,0,-1,0,3,452,4.6,4095,0,250,0,68,88
100,0,-1,0,3,1445,4.2,595,1,156,0,10,57
101,0,-1,0,2,1034,4.3,3843,0,276,0,119,60
102,0,-1,0,4,406,3.4,1456,2,840,0,88,45
103,0,-1,0,2,1575,3.6,2486,2,392,0,73,87
104,0,-1,0,5,1191,4.0,3485,1,156,0,117,74
105,0,-1,0,2,923,4.6,105,2,826,0,18,49
106,0,-1,0,5,185,4.6,2884,0,840,0,88,58
107,0,-1,0,5,1769,4.8,2343,2,156,0,139,67
108,0,-1,0,2,1956,4.0,2519,2,36,0,84,41
109,0,-1,0,4,1905,4.3,4553,2,36,0,12,57
110,0,-1,0,1,1162,3.4,4465,2,826,0,177,17
111,0,-1,0,4,329,3.9,1241,1,392,0,93,86
112,0,-1,0,2,330,3.1,2281,1,392,0,33,31
113,0,-1,0,5,76,3.9,2179,2,156,0,80,46
114,0,-1,0,4,1969,3.8,3787,0,392,0,56,51
115,0,-1,0,5,1277,3.2,4946,2,250,0,69,16
116,0,-1,0,4,1163,3.1,2739,2,36,0,188,27
117,0,-1,0,1,1160,3.0,2367,0,276,0,150,15
118,0,-1,0,1,543,4.9,2256,0,840,0,173,46
119,0,-1,0,1,1670,3.7,2692,0,36,0,159,26
120,0,-1,0,4,375,4.4,278,2,156,0,142,50
121,0,-1,0,1,1528,4.6,1373,0,250,0,78,58
122,0,-1,0,3,605,3.3,4545,2,156,0,148,85
123,0,-1,0,1,1484,4.0,4694,2,276,0,55,42
124,0,-1,0,2,1456,3.6,4728,1,36,0,144,81
125,0,-1,0,1,1877,3.5,4726,1,276,0,157,66
126,0,-1,0,2,1225,3.7,4648,1,36,0,181,11
127,0,-1,0,5,394,3.3,4138,0,276,0,67,54
128,0,-1,0,1,107,4.4,1643,0,156,0,63,34
129,0,-1,0,2,700,3.5,1488,2,250,0,131,57
130,0,-1,0,5,526,3.2,777,2,36,0,27,58
131,0,-1,0,3,455,4.0,2650,1,36,0,52,60
132,0,-1,0,2,1947,4.6,3197,0,392,0,55,31
133,0,-1,0,2,1369,4.0,2018,0,156,0,68,28
134,0,-1,0,5,775,4.2,3961,2,826,0,195,82
135,0,-1,0,2,336,4.8,2025,2,250,0,54,57
136,0,-1,0,1,1088,3.0,4839,2,250,0,128,29
137,0,-1,0,3,1501,3.6,2743,2,156,0,192,71
138,0,-1,0,5,1028,2.9,2721,1,840,0,186,88
139,0,-1,0,2,1342,4.1,2124,1,392,0,45,64
140,0,-1,0,5,1703,3.0,3180,2,392,0,181,22
141,0,-1,0,3,1457,3.2,3161,1,826,0,188,26
142,0,-1,0,2,63,4.9,4253,0,250,0,122,83
143,0,-1,0,2,1988,3.6,1916,2,276,0,170,61
144,0,-1,0,2,1922,3.7,765,2,392,0,136,77
145,0,-1,0,4,479,2.9,1261,2,392,0,41,56
146,0,-1,0,1,840,4.5,4748,0,36,0,158,37
147,0,-1,0,2,232,3.4,4612,1,840,0,163,66
148,0,-1,0,1,342,4.8,2235,1,156,0,53,53
149,0,-1,0,2,1233,4.1,4626,2,36,0,11,18
150,0,-1,0,5,1852,3.9,2906,2,392,0,80,82
151,0,-1,0,1,84,4.9,4794,0,276,0,15,86
152,0,-1,0,2,352,3.1,3969,0,826,0,84,13
153,0,-1,0,1,1046,3.1,2033,2,392,0,125,77
154,0,-1,0,1,1381,3.2,2728,2,250,0,57,63
155,0,-1,0,4,39,3.6,2880,0,840,0,152,77
156,0,-1,0,3,1880,4.2,2946,2,250,0,187,89
157,0,-1,0,1,1328,3.5,3682,2,826,0,83,22
158,0,-1,0,2,1950,4.3,4488,0,250,0,80,78
159,0,-1,0,3,1712,4.7,3762,2,276,0,109,48
160,0,-1,0,1,1194,3.6,637,1,250,0,30,61
161,0,-1,0,1,307,4.7,2065,0,276,0,149,30
162,0,-1,0,5,1490,4.8,634,1,392,0,11,46
163,0,-1,0,4,1589,4.2,2133,0,156,0,188,10
164,0,-1,0,1,702,4.3,823,1,36,0,51,56
165,0,-1,0,3,1525,3.1,3786,1,250,0,89,64
166,0,-1,0,4,754,4.8,4147,2,276,0,70,36
167,0,-1,0,1,356,3.2,1610,1,826,0,78,84
168,0,-1,0,1,1743,3.4,3861,1,36,0,16,12
169,0,-1,0,3,1864,4.8,410,1,36,0,153,27
170,0,-1,0,5,1404,4.0,3306,2,392,0,100,34
171,0,-1,0,1,196,3.0,3235,2,250,0,42,27
172,0,-1,0,2,1376,4.5,1911,0,840,0,86,43
173,0,-1,0,4,967,4.0,902,1,250,0,185,38
174,0,-1,0,3,1667,3.9,1595,1,392,0,36,25
175,0,-1,0,1,43,4.7,348,1,36,0,148,75
176,0,-1,0,4,415,3.9,3243,2,840,0,138,77
177,0,-1,0,1,841,3.1,4488,2,156,0,143,82
178,0,-1,0,3,979,3.6,1962,1,36,0,196,80
179,0,-1,0,1,627,3.5,3809,0,840,0,73,44
180,0,-1,0,3,1106,3.2,4448,1,156,0,130,53
181,0,-1,0,3,458,4.6,3643,1,276,0,83,44
182,0,-1,0,4,1003,4.0,1408,0,392,0,69,58
183,0,-1,0,1,691,4.8,1990,0,250,0,117,44
184,0,-1,0,3,1140,4.2,659,1,276,0,95,15
185,0,-1,0,4,848,3.9,398,1,826,0,146,71
186,0,-1,0,5,1965,4.5,2211,1,250,0,42,64
187,0,-1,0,3,1049,4.8,4188,2,392,0,66,25
188,0,-1,0,2,1430,4.6,3451,2,36,0,140,21
189,0,-1,0,3,730,3.4,3221,0,840,0,65,77
190,0,-1,0,4,1887,4.6,980,1,840,0,27,28
191,0,-1,0,2,50,4.2,4229,1,36,0,37,37
192,0,-1,0,2,1111,4.5,2847,0,826,0,193,56
193,0,-1,0,3,368,2.9,138,1,36,0,94,62
194,0,-1,0,5,1530,4.4,1474,1,276,0,161,43
195,0,-1,0,5,389,4.4,943,2,276,0,11,36
196,0,-1,0,3,837,4.6,3897,0,840,0,92,60
197,0,-1,0,4,606,4.5,641,2,36,0,122,17
198,0,-1,0,5,322,4.8,2569,0,826,0,24,35
199,0,-1,0,5,611,4.2,4473,2,826,0,16,84
200,0,-1,0,3,1317,4.2,1838,2,156,0,134,56
201,0,-1,0,3,63,3.9,2009,2,826,0,153,39
202,0,-1,0,2,907,4.5,4067,1,392,0,14,22
203,0,-1,0,2,788,4.5,1235,1,826,0,21,32
204,0,-1,0,5,1625,2.8,4171,0,250,0,167,73
205,0,-1,0,3,765,4.6,3890,1,36,0,156,15
206,0,-1,0,2,1602,4.3,1768,0,826,0,187,82
207,0,-1,0,3,27,4.1,4449,1,826,0,12,22
208,0,-1,0,1,1830,4.0,1877,0,36,0,13,79
209,0,-1,0,4,1591,4.1,893,1,250,0,74,32
210,0,-1,0,2,1147,3.3,1303,2,826,0,173,36
211,0,-1,0,2,579,3.9,2691,0,36,0,118,41
212,0,-1,0,1,1133,4.8,1230,0,36,0,114,12
213,0,-1,0,1,961,3.6,3125,2,36,0,103,43
214,0,-1,0,2,289,4.6,281,2,156,0,142,87
215,0,-1,0,4,1464,4.1,1397,1,840,0,183,25
216,0,-1,0,5,1865,4.4,3207,0,392,0,31,30
217,0,-1,0,5,1490,3.3,649,0,156,0,118,10
218,0,-1,0,2,641,4.8,4242,1,826,0,105,79
219,0,-1,0,4,1815,4.4,2800,2,250,0,73,59
220,0,-1,0,2,1306,4.5,2899,2,156,0,160,75
221,0,-1,0,1,713,4.3,3420,1,276,0,182,80
222,0,-1,0,5,623,3.3,4777,2,156,0,56,54
223,0,-1,0,3,930,4.7,1902,2,826,0,167,66
224,0,-1,0,1,1592,4.1,3631,2,36,0,162,50
225,0,-1,0,3,893,3.9,4758,2,840,0,130,31
226,0,-1,0,2,1251,3.1,2329,1,840,0,78,34
227,0,-1,0,3,615,4.6,109,1,276,0,101,21
228,0,-1,0,2,887,3.8,4818,1,840,0,109,57
229,0,-1,0,1,782,3.8,4370,0,840,0,70,72
230,0,-1,0,5,1327,4.2,3327,1,840,0,87,80
231,0,-1,0,3,1528,3.4,347,1,36,0,97,63
232,0,-1,0,4,849,3.3,269,2,250,0,59,80
233,0,-1,0,1,516,4.3,857,2,250,0,173,15
234,0,-1,0,4,247,4.1,3823,1,276,0,140,77
235,0,-1,0,1,1746,4.8,3660,0,250,0,34,25
236,0,-1,0,4,1365,3.5,4119,0,392,0,67,60
237,0,-1,0,5,525,4.6,2114,0,826,0,73,51
238,0,-1,0,2,30,4.1,2362,0,840,0,100,62
239,0,-1,0,2,1493,3.9,2022,0,840,0,34,33
240,0,-1,0,3,1979,2.9,1037,0,156,0,71,88
241,0,-1,0,2,1276,3.3,3455,1,826,0,12,62
242,0,-1,0,2,658,4.8,4338,2,276,0,32,27
243,0,-1,0,2,614,3.2,1119,1,826,0,17,55
244,0,-1,0,5,862,3.4,1959,0,36,0,198,37
245,0,-1,0,5,1710,4.2,471,1,826,0,103,65
246,0,-1,0,2,1201,4.7,514,0,840,0,76,59
247,0,-1,0,5,920,3.1,993,1,392,0,16,72
248,0,-1,0,2,1351,4.4,3382,2,156,0,35,40
249,0,-1,0,4,1243,4.6,3906,1,156,0,149,20
250,0,-1,0,3,1566,3.3,916,0,840,0,166,73
251,0,-1,0,3,1148,2.8,1700,2,840,0,29,74
252,0,-1,0,3,989,3.1,2385,1,826,0,41,28
253,0,-1,0,1,860,4.0,1453,1,156,0,142,37
254,0,-1,0,2,966,3.7,2953,0,826,0,17,58
255,0,-1,0,1,366,4.3,1815,1,840,0,83,73
256,0,-1,0,1,1437,2.8,3503,0,276,0,47,57
257,0,-1,0,1,200,2.9,2703,1,392,0,65,49
258,0,-1,0,5,1461,4.4,3411,1,826,0,185,80
259,0,-1,0,5,1357,3.1,1860,2,276,0,30,28
260,0,-1,0,1,1071,3.6,3746,1,36,0,155,16
261,0,-1,0,2,1513,3.5,2733,0,392,0,159,61
262,0,-1,0,3,36,4.2,3371,0,392,0,147,79
263,0,-1,0,3,1468,4.3,2067,2,392,0,10,73
264,0,-1,0,4,1099,4.3,2330,1,392,0,159,26
265,0,-1,0,5,666,3.3,772,0,156,0,103,23
266,0,-1,0,1,797,3.2,4569,1,840,0,29,75
267,0,-1,0,2,321,3.6,3361,2,276,0,30,74
268,0,-1,0,5,1969,4.0,3154,0,36,0,29,31
269,0,-1,0,5,1121,4.4,3428,0,250,0,22,24
270,0,-1,0,3,907,4.5,1579,2,840,0,55,34
271,0,-1,0,3,814,4.8,869,0,156,0,100,68
272,0,-1,0,1,477,4.1,503,1,276,0,72,79
273,0,-1,0,5,1609,4.6,4438,0,276,0,115,70
274,0,-1,0,3,1127,4.0,2428,1,250,0,124,36
275,0,-1,0,1,613,3.2,2103,2,156,0,150,20
276,0,-1,0,5,440,4.4,1087,1,392,0,14,12
277,0,-1,0,4,540,4.6,4556,2,392,0,82,90
278,0,-1,0,2,1181,4.8,3000,2,276,0,69,52
279,0,-1,0,5,1106,4.4,3983,2,36,0,20,41
280,0,-1,0,1,812,4.1,3789,2,36,0,177,57
281,0,-1,0,5,114,4.8,3634,1,156,0,147,86
282,0,-1,0,1,147,4.0,2788,0,250,0,117,78
283,0,-1,0,2,708,4.2,499,0,392,0,188,24
284,0,-1,0,3,1394,3.2,2038,0,276,0,37,82
285,0,-1,0,3,671,4.1,3916,2,392,0,52,57
286,0,-1,0,4,1598,4.9,1442,1,156,0,38,30
287,0,-1,0,1,1470,3.9,3027,1,156,0,66,81
288,0,-1,0,1,1914,3.3,1671,0,826,0,50,74
289,0,-1,0,2,1935,4.1,4280,0,840,0,106,48
290,0,-1,0,2,198,3.7,2403,1,826,0,133,71
291,0,-1,0,3,348,2.8,4386,0,392,0,83,11
292,0,-1,0,5,622,4.6,336,2,250,0,42,37
293,0,-1,0,3,309,4.8,3637,2,250,0,32,11
294,0,-1,0,1,1009,3.1,3566,0,156,0,123,77
295,0,-1,0,4,1074,4.4,276,0,250,0,143,70
296,0,-1,0,2,504,3.6,2667,0,826,0,55,55
297,0,-1,0,2,1910,3.2,1665,0,156,0,89,83
298,0,-1,0,1,1572,3.5,1748,2,392,0,55,83
299,0,-1,0,3,177,3.7,4086,2,156,0,171,39
300,0,-1,0,2,1011,4.1,3763,1,392,0,91,88
301,0,-1,0,2,1415,3.3,2723,0,36,0,181,70
302,0,-1,0,3,832,4.4,1452,0,840,0,75,65
303,0,-1,0,3,1244,4.4,2402,2,36,0,166,40
304,0,-1,0,4,714,4.1,4189,0,840,0,36,53
305,0,-1,0,5,1261,4.8,4066,2,156,0,173,11
306,0,-1,0,3,885,4.8,3345,0,840,0,32,34
307,0,-1,0,1,543,4.5,3848,1,250,0,189,14
308,0,-1,0,5,1452,3.7,2248,0,156,0,66,10
309,0,-1,0,3,963,4.8,1715,2,826,0,147,40
310,0,-1,0,2,1352,4.2,2875,0,250,0,127,43
311,0,-1,0,2,1958,4.3,1938,1,826,0,133,39
312,0,-1,0,1,351,3.9,2143,0,392,0,183,72
313,0,-1,0,3,961,3.6,4343,2,392,0,170,14
314,0,-1,0,1,610,3.0,506,0,156,0,184,68
315,0,-1,0,4,599,3.9,3163,2,826,0,71,61
316,0,-1,0,5,1656,4.1,4882,2,826,0,63,83
317,0,-1,0,5,160,3.6,256,0,36,0,183,24
318,0,-1,0,5,299,3.6,297,1,392,0,187,19
319,0,-1,0,5,600,4.8,2374,2,250,0,148,80
320,0,-1,0,1,507,3.8,2521,0,250,0,11,74
321,0,-1,0,4,1633,4.0,679,2,250,0,134,12
322,0,-1,0,4,908,4.2,464,2,840,0,66,27
323,0,-1,0,5,323,4.2,4238,0,276,0,128,67
324,0,-1,0,5,1636,3.4,1380,2,250,0,182,45
325,0,-1,0,3,1654,3.9,3641,0,392,0,15,76
326,0,-1,0,5,65,3.0,1864,1,826,0,184,47
327,0,-1,0,2,203,3.8,4448,0,276,0,115,82
328,0,-1,0,2,1130,3.6,1544,0,36,0,31,27
329,0,-1,0,1,1420,4.1,1887,0,276,0,10,15
330,0,-1,0,3,544,3.7,2314,2,250,0,84,48
331,0,-1,0,1,785,4.7,2947,1,392,0,62,77
332,0,-1,0,2,1857,4.1,1098,2,156,0,16,45
333,0,-1,0,5,1843,4.7,4299,1,826,0,44,73
334,0,-1,0,2,406,4.1,1423,1,276,0,123,67
335,0,-1,0,4,299,3.3,1800,0,276,0,138,63
336,0,-1,0,1,1360,4.4,2875,0,276,0,165,45
337,0,-1,0,4,1501,3.5,249,2,826,0,119,39
338,0,-1,0,5,252,3.2,4427,0,840,0,27,54
339,0,-1,0,2,1203,3.9,4117,2,276,0,185,63
340,0,-1,0,1,1092,3.1,4756,0,840,0,52,76
341,0,-1,0,3,1643,3.6,2361,0,826,0,61,88
342,0,-1,0,2,642,3.9,935,1,156,0,146,56
343,0,-1,0,4,1881,3.2,3672,1,826,0,69,75
344,0,-1,0,5,775,4.9,158,1,392,0,104,74
345,0,-1,0,3,147,4.6,2224,0,156,0,36,55
346,0,-1,0,5,1244,4.6,3042,1,156,0,192,73
347,0,-1,0,5,1967,4.6,1808,1,36,0,141,30
348,0,-1,0,2,1228,3.4,1128,1,840,0,27,13
349,0,-1,0,4,78,4.0,2157,0,840,0,88,66
350,0,-1,0,1,1002,4.1,3776,0,36,0,37,59
351,0,-1,0,3,82,3.3,4725,0,250,0,113,14
352,0,-1,0,5,1441,3.3,1428,1,840,0,79,27
353,0,-1,0,1,269,3.5,1793,2,826,0,46,88
354,0,-1,0,4,950,4.7,3748,1,156,0,30,33
355,0,-1,0,2,434,3.5,2096,2,36,0,11,64
356,0,-1,0,5,1165,3.8,1144,1,36,0,126,44
357,0,-1,0,1,1814,3.4,896,0,156,0,81,64
358,0,-1,0,3,69,3.1,2068,2,36,0,199,19
359,0,-1,0,3,110,4.4,2527,1,840,0,96,44
360,0,-1,0,4,217,3.6,3721,2,156,0,153,20
361,0,-1,0,5,972,4.1,3755,1,392,0,100,63
362,0,-1,0,4,938,3.4,4695,1,250,0,59,67
363,0,-1,0,3,453,4.0,816,0,156,0,61,33
364,0,-1,0,4,1008,3.1,2768,2,392,0,94,34
365,0,-1,0,2,73,4.6,243,2,250,0,186,43
366,0,-1,0,2,506,4.4,148,2,392,0,82,66
367,0,-1,0,1,874,2.8,635,2,392,0,179,89
368,0,-1,0,5,1985,4.4,3643,0,840,0,195,81
369,0,-1,0,2,168,4.2,1734,1,840,0,196,76
370,0,-1,0,5,1994,4.4,3958,2,156,0,84,85
371,0,-1,0,1,1289,4.1,3984,2,36,0,155,19
372,0,-1,0,2,624,3.6,1177,2,840,0,159,63
373,0,-1,0,5,32,3.8,1547,1,840,0,154,30
374,0,-1,0,5,760,4.0,2439,1,36,0,79,42
375,0,-1,0,4,357,3.3,4160,0,276,0,120,67
376,0,-1,0,5,1560,4.5,1053,0,276,0,112,26
377,0,-1,0,5,555,3.7,2020,1,36,0,92,19
378,0,-1,0,4,1417,4.6,2020,0,156,0,145,27
379,0,-1,0,3,1473,4.7,4279,0,36,0,57,15
380,0,-1,0,4,1518,4.7,601,1,250,0,124,11
381,0,-1,0,1,1347,2.9,4294,1,276,0,196,84
382,0,-1,0,3,1900,4.9,2290,1,840,0,43,25
383,0,-1,0,3,395,4.6,601,0,826,0,192,42
384,0,-1,0,1,177,3.7,615,2,392,0,143,16
385,0,-1,0,1,453,3.6,883,2,840,0,148,85
386,0,-1,0,1,1311,3.0,1534,2,36,0,79,18
387,0,-1,0,2,1689,2.8,2892,2,826,0,113,78
388,0,-1,0,3,1857,3.5,4621,1,392,0,53,64
389,0,-1,0,3,228,4.0,1344,2,156,0,51,86
390,0,-1,0,3,1776,3.5,4752,2,840,0,28,20
391,0,-1,0,4,303,3.1,1484,0,250,0,194,48
392,0,-1,0,4,1069,3.9,4796,0,826,0,19,80
393,0,-1,0,4,113,2.9,3156,2,276,0,14,59
394,0,-1,0,2,1320,4.5,2158,1,392,0,114,10
395,0,-1,0,3,1298,2.9,1629,2,840,0,120,77
396,0,-1,0,2,416,4.1,172,1,840,0,85,34
397,0,-1,0,5,1955,2.8,3522,0,392,0,91,51
398,0,-1,0,4,707,4.3,1277,2,156,0,69,73
399,0,-1,0,5,147,4.1,3278,2,840,0,150,32
400,0,-1,0,1,905,4.1,2869,1,840,0,154,12
401,0,-1,0,2,803,4.5,3540,2,392,0,17,72
402,0,-1,0,2,1779,3.0,583,2,156,0,194,53
403,0,-1,0,3,1723,4.9,1164,0,156,0,37,37
404,0,-1,0,1,360,3.8,1854,1,36,0,103,47
405,0,-1,0,5,93,3.9,2443,2,36,0,73,76
406,0,-1,0,2,494,2.8,1830,1,276,0,170,30
407,0,-1,0,3,267,4.4,1134,0,250,0,75,55
408,0,-1,0,5,1729,4.4,4782,2,156,0,136,61
409,0,-1,0,4,869,3.8,2673,2,250,0,67,59
410,0,-1,0,4,990,3.1,1992,2,36,0,132,63
411,0,-1,0,2,1407,3.3,1845,1,36,0,104,79
412,0,-1,0,4,1130,3.6,2269,2,250,0,110,45
413,0,-1,0,5,150,2.9,370,1,826,0,86,26
414,0,-1,0,2,1216,4.4,2782,0,156,0,93,29
415,0,-1,0,4,745,3.8,4185,2,156,0,154,57
416,0,-1,0,4,919,4.4,1041,1,36,0,63,53
417,0,-1,0,4,561,3.2,2636,0,826,0,43,86
418,0,-1,0,3,1416,3.4,2483,2,276,0,63,21
419,0,-1,0,3,1365,3.3,2680,1,276,0,48,86
420,0,-1,0,2,516,4.5,2376,2,840,0,111,15
421,0,-1,0,1,1192,3.2,1102,2,250,0,82,88
422,0,-1,0,2,1756,2.9,640,0,156,0,39,41
423,0,-1,0,5,416,3.2,1254,2,250,0,186,55
424,0,-1,0,3,467,4.2,4935,0,156,0,13,74
425,0,-1,0,1,1832,4.8,1887,2,826,0,178,71
426,0,-1,0,4,656,4.3,4733,2,826,0,77,86
427,0,-1,0,5,261,4.4,3228,2,156,0,195,62
428,0,-1,0,1,1031,4.8,3839,2,250,0,85,44
429,0,-1,0,5,320,4.0,4435,2,840,0,38,23
430,0,-1,0,4,172,3.0,3862,2,276,0,50,46
431,0,-1,0,4,1460,4.1,3218,0,156,0,186,56
432,0,-1,0,5,1258,4.0,3489,0,826,0,147,17
433,0,-1,0,1,336,3.7,2996,0,156,0,13,75
434,0,-1,0,3,368,4.8,4141,2,276,0,78,35
435,0,-1,0,2,1840,4.7,773,2,250,0,172,12
436,0,-1,0,5,1031,3.0,4657,1,840,0,106,13
437,0,-1,0,1,1072,3.4,4097,1,826,0,10,61
438,0,-1,0,3,1925,3.8,499,2,392,0,77,47
439,0,-1,0,5,604,4.3,1255,0,840,0,41,89
440,0,-1,0,5,1908,3.7,2504,1,840,0,123,13
441,0,-1,0,2,598,4.3,3404,1,826,0,107,21
442,0,-1,0,5,1839,3.0,908,1,840,0,29,62
443,0,-1,0,1,156,3.6,200,0,250,0,42,52
444,0,-1,0,3,1355,4.2,1144,0,826,0,20,46
445,0,-1,0,4,1645,4.0,3300,1,156,0,137,75
446,0,-1,0,2,169,4.1,3348,0,840,0,134,42
447,0,-1,0,3,539,2.9,3618,0,826,0,124,21
448,0,-1,0,1,1371,3.1,3086,0,156,0,145,28
449,0,-1,0,1,1920,4.5,1200,2,392,0,74,79
450,0,-1,0,1,665,3.9,4468,2,36,0,36,70
451,0,-1,0,4,923,4.7,577,0,250,0,189,49
452,0,-1,0,2,979,3.2,4073,1,250,0,148,54
453,0,-1,0,3,377,3.2,2693,0,250,0,196,41
454,0,-1,0,5,381,4.8,2263,1,156,0,110,57
455,0,-1,0,5,417,4.8,1895,0,250,0,177,61
456,0,-1,0,3,484,2.9,844,1,840,0,11,66
457,0,-1,0,1,299,4.3,3017,0,156,0,150,69
458,0,-1,0,2,1900,4.4,3766,2,156,0,143,86
459,0,-1,0,2,49,4.8,1868,1,250,0,196,73
460,0,-1,0,4,1938,3.3,3661,0,276,0,132,35
461,0,-1,0,1,1999,4.5,2898,1,250,0,160,33
462,0,-1,0,5,1453,3.1,4410,2,36,0,29,82
463,0,-1,0,5,1539,3.7,2539,0,826,0,55,26
464,0,-1,0,1,926,4.6,4458,2,276,0,40,50
465,0,-1,0,4,60,4.5,4298,0,276,0,97,13
466,0,-1,0,4,1863,3.6,3216,1,276,0,154,57
467,0,-1,0,2,826,3.0,4190,2,392,0,60,88
468,0,-1,0,5,1991,4.7,4051,2,826,0,62,28
469,0,-1,0,5,1014,3.9,4646,0,276,0,115,18
470,0,-1,0,1,1189,4.3,2356,1,840,0,87,53
471,0,-1,0,3,554,4.8,236,2,276,0,124,21
472,0,-1,0,5,30,4.6,3655,2,826,0,28,10
473,0,-1,0,1,133,3.2,2294,1,392,0,138,14
474,0,-1,0,5,1108,3.6,4257,1,156,0,90,15
475,0,-1,0,1,642,2.9,1179,1,840,0,51,89
476,0,-1,0,1,573,3.4,1670,0,276,0,153,57
477,0,-1,0,5,1405,4.1,3969,1,392,0,105,42
478,0,-1,0,1,1721,4.5,3422,0,250,0,102,29
479,0,-1,0,2,1283,4.6,522,0,840,0,21,69
480,0,-1,0,5,1976,3.8,336,1,276,0,125,83
481,0,-1,0,5,145,3.3,1277,1,250,0,150,86
482,0,-1,0,4,610,3.6,4018,2,276,0,43,10
483,0,-1,0,1,1281,2.9,2989,1,156,0,73,60
484,0,-1,0,2,1325,3.9,2349,1,840,0,119,90
485,0,-1,0,4,1496,4.5,4037,0,250,0,196,82
486,0,-1,0,3,1679,3.1,1275,2,36,0,179,41
487,0,-1,0,2,1615,4.1,198,1,826,0,196,70
488,0,-1,0,1,1058,3.0,3710,0,826,0,177,49
489,0,-1,0,1,61,3.4,3709,2,826,0,21,53
490,0,-1,0,5,515,4.2,2040,2,276,0,26,80
491,0,-1,0,2,1140,4.3,3747,1,826,0,96,72
492,0,-1,0,1,233,3.0,1289,1,392,0,141,35
493,0,-1,0,5,824,3.9,987,1,250,0,147,28
494,0,-1,0,1,1043,4.1,2255,0,250,0,81,41
495,0,-1,0,2,1358,3.3,4524,2,840,0,65,12
496,0,-1,0,5,109,3.2,1139,1,392,0,13,22
497,0,-1,0,2,1888,3.6,385,0,840,0,112,59
498,0,-1,0,1,1383,4.3,1369,0,156,0,175,50
499,0,-1,0,4,423,3.7,377,0,392,0,159,35
500,0,-1,0,3,775,4.1,3290,0,276,0,193,37
501,0,-1,0,1,415,2.8,230,1,276,0,27,81
502,0,-1,0,4,1643,4.7,3533,1,250,0,95,24
503,0,-1,0,2,944,4.7,327,1,826,0,169,46
504,0,-1,0,4,1040,4.5,1044,0,250,0,144,87
505,0,-1,0,4,68,2.8,4262,1,156,0,89,48
506,0,-1,0,1,1704,4.8,2377,1,392,0,50,83
507,0,-1,0,1,1991,3.2,3233,1,826,0,196,77
508,0,-1,0,3,791,3.6,166,0,392,0,58,43
509,0,-1,0,4,1222,3.1,1865,1,840,0,111,17
510,0,-1,0,5,1325,4.1,1814,1,156,0,105,18
511,0,-1,0,1,1176,2.9,2552,1,36,0,144,14
512,0,-1,0,5,858,2.8,1619,2,276,0,41,17
513,0,-1,0,5,1629,4.5,315,1,250,0,59,30
514,0,-1,0,4,420,3.6,836,2,250,0,173,52
515,0,-1,0,1,573,3.3,1831,2,840,0,191,62
516,0,-1,0,3,704,3.3,3039,2,156,0,152,55
517,0,-1,0,4,1544,4.7,292,0,250,0,153,50
518,0,-1,0,1,40,4.7,1782,1,36,0,166,53
519,0,-1,0,4,1923,4.3,4003,0,36,0,27,28
520,0,-1,0,2,420,4.3,4463,1,250,0,123,10
521,0,-1,0,4,66,4.5,2782,1,276,0,169,79
522,0,-1,0,2,233,4.1,4676,2,156,0,58,90
523,0,-1,0,2,927,4.0,1596,0,276,0,77,18
524,0,-1,0,4,1784,3.2,3250,1,826,0,123,68
525,0,-1,0,1,216,4.8,568,2,250,0,142,12
526,0,-1,0,2,1592,3.9,3776,0,392,0,139,42
527,0,-1,0,3,166,4.6,1104,0,276,0,35,33
528,0,-1,0,1,560,4.4,1959,2,250,0,181,75
529,0,-1,0,2,1185,4.0,3953,1,276,0,47,12
530,0,-1,0,4,1641,3.3,192,1,156,0,114,88
531,0,-1,0,1,1162,4.5,4972,2,826,0,68,65
532,0,-1,0,4,963,4.4,1135,0,840,0,94,19
533,0,-1,0,2,498,3.7,2352,1,156,0,31,89
534,0,-1,0,4,50,2.8,478,1,250,0,127,74
535,0,-1,0,1,399,4.3,2712,2,840,0,176,89
536,0,-1,0,3,686,4.1,4652,0,826,0,144,38
537,0,-1,0,5,148,3.1,615,1,156,0,140,10
538,0,-1,0,2,1972,4.1,4941,1,392,0,192,59
539,0,-1,0,5,1026,3.5,4089,1,276,0,85,33
540,0,-1,0,3,706,3.6,2505,0,276,0,77,87
541,0,-1,0,3,62,3.1,1615,0,276,0,77,48
542,0,-1,0,1,1447,4.3,2866,0,826,0,16,66
543,0,-1,0,2,779,3.6,869,0,36,0,63,24
544,0,-1,0,3,651,4.3,483,1,840,0,18,17
545,0,-1,0,1,711,3.0,4682,2,250,0,115,74
546,0,-1,0,3,545,4.3,3445,0,36,0,64,76
547,0,-1,0,2,145,3.3,4982,0,840,0,42,84
548,0,-1,0,1,340,4.6,1124,1,826,0,119,35
549,0,-1,0,4,1764,3.0,3657,1,36,0,111,86
550,0,-1,0,2,1795,4.1,3552,1,276,0,111,87
551,0,-1,0,1,426,4.1,2547,1,250,0,30,36
552,0,-1,0,4,953,4.1,1709,1,36,0,192,12
553,0,-1,0,4,992,2.8,106,0,250,0,164,43
554,0,-1,0,5,1682,3.2,3330,0,36,0,83,71
555,0,-1,0,4,956,4.7,4861,0,826,0,190,75
556,0,-1,0,3,159,4.0,3245,2,840,0,85,32
557,0,-1,0,5,348,3.0,1181,1,826,0,115,83
558,0,-1,0,3,636,4.5,2689,0,250,0,151,30
559,0,-1,0,3,1136,4.3,957,1,250,0,81,51
560,0,-1,0,5,466,3.1,421,2,840,0,134,51
561,0,-1,0,5,1102,4.5,3515,2,156,0,42,50
562,0,-1,0,4,1340,3.0,949,0,826,0,130,19
563,0,-1,0,5,620,2.9,3336,2,36,0,192,21
564,0,-1,0,2,480,4.8,3839,2,276,0,187,84
565,0,-1,0,5,1632,3.4,3293,2,276,0,42,86
566,0,-1,0,3,1724,3.6,1782,1,826,0,66,75
567,0,-1,0,2,894,2.8,4317,0,826,0,133,86
568,0,-1,0,1,1094,3.7,2268,0,840,0,24,52
569,0,-1,0,2,667,3.1,543,1,156,0,53,34
570,0,-1,0,2,41,4.8,3373,0,156,0,82,83
571,0,-1,0,5,1545,3.8,622,1,392,0,70,55
572,0,-1,0,2,436,4.3,2245,2,250,0,78,87
573,0,-1,0,1,1795,4.5,138,2,276,0,178,21
574,0,-1,0,4,1046,4.7,3850,0,840,0,20,43
575,0,-1,0,3,1453,3.8,3412,2,36,0,65,13
576,0,-1,0,1,693,3.5,543,1,276,0,102,16
577,0,-1,0,4,845,4.4,1657,0,156,0,10,55
578,0,-1,0,2,762,3.9,104,0,392,0,191,77
579,0,-1,0,5,937,4.7,4149,0,156,0,86,50
580,0,-1,0,5,649,4.7,4829,0,156,0,51,69
581,0,-1,0,4,826,4.3,535,1,156,0,122,63
582,0,-1,0,3,1748,4.1,4289,0,156,0,19,40
583,0,-1,0,1,1497,4.0,535,2,276,0,75,29
584,0,-1,0,3,454,4.8,3427,0,250,0,67,24
585,0,-1,0,3,1579,4.7,102,1,840,0,91,65
586,0,-1,0,5,1265,4.5,3922,1,36,0,156,28
587,0,-1,0,3,1024,4.3,2494,0,826,0,17,51
588,0,-1,0,3,427,3.3,375,1,392,0,11,49
589,0,-1,0,3,1734,4.0,113,0,250,0,62,55
590,0,-1,0,1,1393,2.8,1402,0,840,0,142,44
591,0,-1,0,5,530,4.2,3616,2,250,0,151,69
592,0,-1,0,3,1454,4.3,3077,0,826,0,22,18
593,0,-1,0,2,938,4.4,2685,1,276,0,145,32
594,0,-1,0,5,1567,3.3,3146,2,840,0,43,51
595,0,-1,0,2,1425,3.4,2065,1,840,0,57,29
596,0,-1,0,4,688,3.5,2856,2,36,0,18,78
597,0,-1,0,2,1620,4.8,283,0,392,0,31,89
598,0,-1,0,4,1822,3.5,2138,2,156,0,68,18
599,0,-1,0,5,510,3.6,2112,2,36,0,118,77
600,0,-1,0,1,1933,2.9,208,0,392,0,67,74
601,0,-1,0,3,225,3.4,2418,1,392,0,121,28
602,0,-1,0,4,1399,4.6,4231,1,276,0,77,45
603,0,-1,0,1,625,4.4,758,0,826,0,91,13
604,0,-1,0,5,1968,4.2,1240,2,392,0,93,67
605,0,-1,0,5,1213,3.2,1077,0,36,0,46,82
606,0,-1,0,2,1008,3.1,1001,0,840,0,153,54
607,0,-1,0,5,1728,2.9,1803,1,250,0,98,69
608,0,-1,0,5,859,4.0,4355,2,392,0,56,26
609,0,-1,0,3,816,4.0,3093,1,36,0,93,59
610,0,-1,0,1,1025,3.1,1136,2,156,0,35,14
611,0,-1,0,1,880,4.0,2493,1,36,0,57,67
612,0,-1,0,1,1700,3.5,762,1,276,0,195,24
613,0,-1,0,3,1802,3.9,4055,2,156,0,163,57
614,0,-1,0,2,451,2.8,3602,0,276,0,46,47
615,0,-1,0,2,391,3.6,4454,0,392,0,142,55
616,0,-1,0,4,35,3.2,3291,2,826,0,124,64
617,0,-1,0,5,95,4.3,1619,1,392,0,99,89
618,0,-1,0,4,55,4.8,312,1,36,0,169,47
619,0,-1,0,3,78,3.6,2866,0,392,0,95,31
620,0,-1,0,2,994,4.0,4319,2,156,0,99,54
621,0,-1,0,4,1517,4.2,2477,0,250,0,180,67
622,0,-1,0,3,1650,3.9,4275,0,392,0,139,52
623,0,-1,0,1,1536,4.5,1172,1,826,0,14,50
624,0,-1,0,1,1975,3.3,4038,0,826,0,31,14
625,0,-1,0,2,602,4.4,3657,2,826,0,80,30
626,0,-1,0,5,1053,2.8,2344,2,826,0,126,75
627,0,-1,0,1,1810,4.4,4103,0,276,0,30,61
628,0,-1,0,5,1210,3.1,4676,0,826,0,139,79
629,0,-1,0,5,1205,4.0,2923,2,250,0,122,45
630,0,-1,0,1,127,3.6,3079,2,250,0,162,56
631,0,-1,0,5,1880,3.9,848,2,250,0,13,27
632,0,-1,0,1,417,4.4,2521,2,36,0,132,48
633,0,-1,0,2,1513,2.8,2583,0,840,0,139,51
634,0,-1,0,2,633,4.8,4977,1,250,0,25,86
635,0,-1,0,1,697,3.2,3653,1,156,0,19,44
636,0,-1,0,3,542,4.1,2247,1,826,0,31,59
637,0,-1,0,4,854,4.1,2186,0,840,0,166,60
638,0,-1,0,4,580,3.8,3813,0,826,0,199,27
639,0,-1,0,2,487,4.7,4573,2,276,0,20,34
640,0,-1,0,3,774,4.9,1585,1,36,0,113,66
641,0,-1,0,1,1399,3.0,4254,0,840,0,184,32
642,0,-1,0,3,962,4.7,1686,2,276,0,47,18
643,0,-1,0,2,1129,3.9,3923,1,156,0,183,42
644,0,-1,0,4,1259,4.8,3563,1,840,0,13,54
645,0,-1,0,4,1497,4.6,1329,0,276,0,189,26
646,0,-1,0,2,946,3.3,3982,0,276,0,118,10
647,0,-1,0,4,1344,3.6,4191,2,840,0,103,49
648,0,-1,0,3,878,3.2,4466,2,156,0,195,31
649,0,-1,0,1,808,4.2,3999,2,156,0,177,61
650,0,-1,0,1,274,2.9,1485,2,156,0,130,89
651,0,-1,0,2,1398,4.8,2305,1,826,0,164,82
652,0,-1,0,4,1740,3.5,1240,2,392,0,135,58
653,0,-1,0,4,379,2.9,1893,2,156,0,159,59
654,0,-1,0,5,1554,4.4,1797,1,36,0,26,38
655,0,-1,0,1,1077,4.0,3932,1,392,0,51,23
656,0,-1,0,1,826,4.7,2382,0,250,0,21,37
657,0,-1,0,4,522,4.8,3013,0,36,0,128,70
658,0,-1,0,1,57,3.8,1613,2,276,0,92,68
659,0,-1,0,5,1799,3.0,3297,2,826,0,35,66
660,0,-1,0,5,149,3.5,2049,2,156,0,39,88
661,0,-1,0,2,355,4.4,3480,0,826,0,86,87
662,0,-1,0,3,1852,3.8,4087,0,36,0,156,64
663,0,-1,0,2,1639,4.0,4229,0,276,0,38,55
664,0,-1,0,3,1074,4.7,1063,0,156,0,186,17
665,0,-1,0,1,337,4.7,3869,0,276,0,115,15
666,0,-1,0,5,1613,4.6,2299,1,36,0,108,28
667,0,-1,0,5,1437,4.1,1041,0,826,0,169,24
668,0,-1,0,4,1666,3.5,1406,2,826,0,118,51
669,0,-1,0,3,1256,3.6,2174,1,392,0,115,64
670,0,-1,0,3,1551,3.7,370,0,392,0,26,28
671,0,-1,0,4,1748,3.9,2134,2,826,0,42,44
672,0,-1,0,2,1374,4.1,736,2,250,0,36,87
673,0,-1,0,3,1221,4.5,409,1,250,0,197,44
674,0,-1,0,2,1608,3.8,4288,0,276,0,99,16
675,0,-1,0,1,517,4.3,4499,1,392,0,72,80
676,0,-1,0,2,1587,3.7,3367,0,826,0,80,87
677,0,-1,0,5,1571,4.4,4750,1,156,0,164,25
678,0,-1,0,1,1761,3.1,2603,1,840,0,81,28
679,0,-1,0,2,378,4.8,3419,0,392,0,182,49
680,0,-1,0,4,892,4.7,2698,1,36,0,104,24
681,0,-1,0,4,1391,2.9,1262,0,392,0,127,59
682,0,-1,0,4,346,3.4,3953,2,156,0,130,13
683,0,-1,0,4,893,4.8,453,0,36,0,170,54
684,0,-1,0,5,632,4.3,2944,2,36,0,159,57
685,0,-1,0,5,1120,3.5,3220,2,826,0,107,76
686,0,-1,0,2,545,3.3,2609,2,276,0,94,27
687,0,-1,0,5,1059,3.5,804,2,156,0,174,66
688,0,-1,0,1,1523,3.8,887,1,250,0,35,37
689,0,-1,0,4,1114,4.4,4962,1,156,0,190,60
690,0,-1,0,3,604,2.9,664,0,250,0,29,74
691,0,-1,0,1,1359,3.4,3998,0,392,0,95,86
692,0,-1,0,1,1157,3.8,105,2,250,0,28,50
693,0,-1,0,3,1353,4.5,2544,1,392,0,178,78
694,0,-1,0,5,1401,3.9,1102,2,250,0,175,66
695,0,-1,0,3,604,4.6,4929,1,826,0,16,15
696,0,-1,0,4,464,4.4,3140,0,826,0,99,10
697,0,-1,0,4,805,4.6,4403,0,392,0,158,43
698,0,-1,0,2,301,4.2,3651,0,840,0,116,57
699,0,-1,0,5,1527,4.2,2796,1,250,0,47,77
700,0,-1,0,5,881,3.8,4105,0,276,0,126,66
701,0,-1,0,2,252,4.4,2587,0,840,0,83,55
702,0,-1,0,1,363,3.4,3581,0,36,0,42,45
703,0,-1,0,5,1332,4.3,4992,0,250,0,71,72
704,0,-1,0,1,1795,3.9,2898,0,276,0,144,87
705,0,-1,0,5,1080,3.8,1364,1,276,0,174,41
706,0,-1,0,1,1448,3.6,3186,2,36,0,160,57
707,0,-1,0,1,1034,4.4,4110,2,826,0,30,50
708,0,-1,0,2,1674,3.7,2002,0,840,0,69,29
709,0,-1,0,2,1996,3.2,3437,2,250,0,107,47
710,0,-1,0,3,1682,3.8,3371,2,276,0,181,59
711,0,-1,0,1,1934,3.3,3462,2,392,0,18,61
712,0,-1,0,1,602,3.3,2611,1,250,0,162,22
713,0,-1,0,4,460,3.4,263,0,276,0,175,57
714,0,-1,0,4,316,3.5,3894,2,840,0,100,42
715,0,-1,0,4,426,3.8,2475,2,250,0,123,31
716,0,-1,0,5,514,4.9,2605,2,392,0,150,15
717,0,-1,0,1,157,3.2,248,0,36,0,62,76
718,0,-1,0,5,1055,4.8,807,0,276,0,116,73
719,0,-1,0,1,402,4.8,1601,1,36,0,20,18
720,0,-1,0,5,514,4.0,821,0,276,0,114,52
721,0,-1,0,3,66,3.4,1525,1,156,0,130,85
722,0,-1,0,4,789,4.0,3647,0,840,0,143,63
723,0,-1,0,1,1260,4.4,451,0,392,0,32,31
724,0,-1,0,4,722,4.8,4935,0,156,0,44,57
725,0,-1,0,3,1496,4.2,1482,1,250,0,69,52
726,0,-1,0,5,1230,3.7,319,2,826,0,17,21
727,0,-1,0,2,398,3.5,3453,0,840,0,189,37
728,0,-1,0,1,1428,3.1,4730,2,156,0,157,44
729,0,-1,0,4,271,4.5,1296,0,156,0,125,83
730,0,-1,0,4,1419,2.9,3852,2,826,0,106,29
731,0,-1,0,3,499,4.1,2160,0,392,0,108,82
732,0,-1,0,2,560,4.1,623,2,392,0,138,20
733,0,-1,0,3,1076,4.4,2016,2,276,0,72,26
734,0,-1,0,3,1100,3.4,1160,0,840,0,19,26
735,0,-1,0,4,1552,3.8,4868,2,156,0,129,76
736,0,-1,0,3,537,4.9,1256,1,840,0,54,72
737,0,-1,0,3,414,4.4,1743,2,840,0,55,79
738,0,-1,0,5,1539,4.6,1930,2,36,0,53,15
739,0,-1,0,3,1521,3.6,4264,2,840,0,147,33
740,0,-1,0,1,499,4.6,498,1,156,0,139,73
741,0,-1,0,5,722,4.4,1566,1,840,0,190,18
742,0,-1,0,5,340,3.5,3465,1,276,0,100,88
743,0,-1,0,2,455,4.2,424,1,840,0,160,75
744,0,-1,0,5,1859,4.3,2072,1,276,0,134,87
745,0,-1,0,4,1843,4.8,4665,2,276,0,124,59
746,0,-1,0,4,1609,2.8,1307,1,392,0,134,21
747,0,-1,0,4,947,3.4,1907,1,156,0,82,55
748,0,-1,0,4,1840,4.7,4101,1,840,0,58,63
749,0,-1,0,4,1232,3.9,3652,2,276,0,180,20
750,0,-1,0,5,1574,4.1,4688,1,156,0,184,18
751,0,-1,0,4,546,3.8,4653,1,826,0,90,85
752,0,-1,0,2,1920,4.8,3099,2,826,0,97,30
753,0,-1,0,2,94,4.8,1978,2,276,0,108,71
754,0,-1,0,1,1847,4.8,562,2,250,0,115,24
755,0,-1,0,3,739,3.3,4939,2,156,0,181,88
756,0,-1,0,2,1384,3.9,3515,0,826,0,107,55
757,0,-1,0,5,1652,3.6,3054,0,826,0,57,81
758,0,-1,0,4,1827,3.6,2199,1,826,0,63,67
759,0,-1,0,3,1884,3.9,1177,2,250,0,23,37
760,0,-1,0,5,558,3.1,3625,0,276,0,145,82
761,0,-1,0,2,677,4.9,678,0,156,0,85,82
762,0,-1,0,3,1226,4.3,3034,1,826,0,44,43
763,0,-1,0,5,97,3.5,4157,0,392,0,10,53
764,0,-1,0,1,1819,4.5,2912,0,392,0,177,27
765,0,-1,0,5,1600,3.1,3736,1,392,0,121,62
766,0,-1,0,4,690,4.7,3105,1,250,0,172,72
767,0,-1,0,4,1568,4.8,1513,0,826,0,139,51
768,0,-1,0,5,818,3.1,4261,2,250,0,91,43
769,0,-1,0,5,1367,4.4,4828,1,156,0,134,67
770,0,-1,0,3,60,4.5,1825,1,840,0,187,28
771,0,-1,0,2,868,4.9,1389,2,826,0,34,79
772,0,-1,0,2,1823,3.9,2239,1,156,0,115,42
773,0,-1,0,5,964,3.5,4826,0,392,0,23,33
774,0,-1,0,5,1229,4.5,3880,2,250,0,95,20
775,0,-1,0,2,1416,3.1,1341,0,276,0,53,80
776,0,-1,0,2,849,3.5,4596,2,156,0,50,16
777,0,-1,0,2,1320,3.0,4685,0,276,0,60,56
778,0,-1,0,1,475,3.4,1887,0,840,0,75,36
779,0,-1,0,5,1787,3.7,2214,1,276,0,153,88
780,0,-1,0,3,252,4.6,2138,0,250,0,191,44
781,0,-1,0,2,1728,3.9,506,0,156,0,139,70
782,0,-1,0,1,1321,4.2,3541,0,250,0,144,18
783,0,-1,0,2,1767,4.3,4993,1,250,0,107,80
784,0,-1,0,3,1186,4.0,4410,0,36,0,138,87
785,0,-1,0,2,968,4.5,311,0,840,0,142,64
786,0,-1,0,3,330,3.7,3650,2,826,0,27,81
787,0,-1,0,4,1790,4.6,3101,0,156,0,40,74
788,0,-1,0,2,911,3.7,403,1,840,0,83,69
789,0,-1,0,3,1356,3.7,623,0,250,0,35,50
790,0,-1,0,3,348,3.6,299,1,36,0,137,61
791,0,-1,0,5,186,4.2,2796,2,840,0,40,87
792,0,-1,0,3,644,3.5,124,0,156,0,26,88
793,0,-1,0,4,1881,3.4,1278,1,156,0,54,88
794,0,-1,0,2,1566,4.8,3499,2,826,0,182,39
795,0,-1,0,3,141,3.5,935,0,276,0,77,68
796,0,-1,0,1,70,3.1,2156,2,826,0,33,68
797,0,-1,0,1,479,4.3,635,1,840,0,75,21
798,0,-1,0,2,475,4.4,4110,0,840,0,16,78
799,0,-1,0,5,439,3.2,4393,0,156,0,155,25
800,1,30,2,4,45,5.0,3,0,826,1,8,12
801,1,30,2,3,49,5.0,55,0,792,1,8,20
802,1,30,2,3,67,4.9,11,0,840,1,9,19
803,1,31,2,5,16,5.0,46,0,380,1,6,32
804,1,31,2,4,65,4.8,22,0,826,1,8,28
805,1,31,2,3,21,4.9,3,0,826,1,3,35
806,1,32,2,5,26,4.9,19,0,724,1,6,17
807,1,33,2,3,56,4.6,12,0,300,1,6,24
808,1,33,2,5,46,4.6,17,0,826,1,5,37
809,1,34,2,3,71,4.6,24,0,792,1,3,19
810,1,34,2,5,54,4.9,40,0,792,1,7,16
811,1,35,2,5,34,5.0,43,0,724,1,7,15
812,1,35,2,5,71,4.9,24,0,724,1,8,12
813,1,35,2,3,64,4.9,55,0,840,1,9,17
814,1,36,2,3,51,4.7,6,0,724,1,6,28
815,1,36,2,3,55,4.6,55,0,380,1,5,34
816,1,36,2,5,24,4.8,16,0,724,1,4,35
817,1,37,2,4,28,4.9,38,0,840,1,5,10
818,1,38,2,5,11,5.0,33,0,840,1,4,34
819,1,38,2,5,39,4.6,14,0,300,1,8,17
820,1,38,2,5,71,4.9,34,0,792,1,7,34
821,1,39,2,4,72,4.6,39,0,724,1,3,16
822,1,40,2,3,71,4.9,16,0,826,1,9,15
823,1,40,2,4,32,4.9,47,0,724,1,7,11
824,1,40,2,3,61,4.6,53,0,724,1,5,23
825,1,41,2,4,34,5.0,25,0,380,1,7,19
826,1,41,2,4,77,4.8,32,0,840,1,4,10
827,1,42,2,3,39,4.9,9,0,826,1,9,32
828,1,42,2,4,45,4.7,45,0,840,1,5,17
829,1,43,2,5,31,4.7,14,0,724,1,6,18
830,1,43,2,3,17,4.9,25,0,840,1,3,28
831,1,43,2,4,57,4.9,10,0,380,1,5,24
832,1,44,2,4,44,4.7,31,0,826,1,5,16
833,1,44,2,3,67,4.9,21,0,300,1,4,19
834,1,45,2,4,17,4.7,42,0,724,1,3,27
835,1,46,2,3,45,4.7,50,0,792,1,8,29
836,1,46,2,4,69,4.9,24,0,380,1,6,10
837,1,47,2,3,23,4.7,24,0,840,1,8,20
838,1,47,2,5,38,4.8,53,0,300,1,6,24
839,1,48,2,4,27,4.7,24,0,792,1,4,31
840,1,48,2,3,61,4.8,16,0,300,1,7,26
841,1,49,2,3,61,4.7,27,0,826,1,5,16
842,1,49,2,5,30,4.9,3,0,826,1,9,30
843,1,49,2,3,40,4.7,18,0,826,1,7,25
844,1,50,2,4,42,4.8,33,0,300,1,7,28
845,1,50,2,4,55,4.8,43,0,300,1,7,24
846,1,50,2,3,73,4.8,32,0,300,1,5,38
847,1,51,2,5,33,4.7,30,0,792,1,7,22
848,1,52,2,3,14,4.7,6,0,840,1,9,27
849,1,52,2,4,51,5.0,36,0,380,1,9,10
850,1,52,2,3,68,4.7,10,0,300,1,8,17
851,1,53,2,4,39,4.6,21,0,826,1,8,21
852,1,54,2,3,40,4.6,57,0,724,1,9,38
853,1,54,2,3,17,4.8,21,0,840,1,6,19
